NORDEMP,ANIO,n_obs
983906,2018,58
983906,2017,55
983906,2015,53
983906,2014,49
983906,2019,49
983906,2016,48
983906,2020,40
983906,2023,30
983906,2021,29
983906,2022,28
983906,2024,27
867206,2016,22
867206,2017,22
867206,2015,21
867206,2013,20
867206,2014,20
143524,2023,19
143524,2024,19
867206,2008,19
867206,2011,19
867206,2012,19
867206,2018,19
867206,2019,19
867206,2020,19
143524,2011,18
143524,2012,18
143524,2013,18
143524,2016,18
143524,2017,18
143524,2018,18
143524,2020,18
143524,2021,18
143524,2022,18
867206,2021,18
867206,2022,18
867206,2023,18
143524,2014,17
143524,2015,17
143524,2019,17
867206,2010,17
867206,2024,17
983906,2008,16
867206,2009,15
982056,2008,15
982056,2009,14
983814,2016,14
983906,2009,14
983906,2010,14
983906,2011,14
983906,2012,14
983814,2017,13
983906,2013,13
142436,2014,12
142436,2015,12
142436,2019,12
982172,2024,12
983814,2018,12
983814,2019,12
983814,2020,12
141260,2024,11
142436,2012,11
142436,2013,11
142436,2016,11
142436,2017,11
142436,2018,11
142436,2020,11
142436,2021,11
142436,2022,11
142436,2023,11
142436,2024,11
143527,2024,11
975518,2008,11
975518,2009,11
975518,2010,11
982062,2008,11
984279,2015,11
984279,2016,11
984279,2017,11
984281,2011,11
984281,2012,11
984281,2013,11
984281,2014,11
984281,2015,11
984281,2016,11
984281,2017,11
984281,2018,11
984281,2019,11
984281,2020,11
984281,2021,11
987170,2008,11
987170,2009,11
145929,2014,10
975518,2016,10
975518,2017,10
975719,2022,10
975719,2023,10
975719,2024,10
979138,2008,10
983814,2008,10
983814,2009,10
983814,2011,10
983814,2014,10
983814,2015,10
983814,2021,10
983814,2022,10
983814,2023,10
983814,2024,10
983907,2017,10
983907,2018,10
984279,2018,10
984279,2019,10
984279,2020,10
984279,2021,10
984279,2022,10
984279,2023,10
984279,2024,10
984281,2022,10
984281,2023,10
984281,2024,10
987170,2010,10
987170,2011,10
987170,2012,10
987170,2013,10
987170,2014,10
141872,2018,9
141872,2019,9
141872,2020,9
142436,2011,9
143527,2023,9
145929,2013,9
145929,2015,9
145929,2016,9
145929,2017,9
975518,2011,9
975518,2012,9
975719,2018,9
975719,2019,9
975719,2020,9
975719,2021,9
976174,2017,9
979137,2008,9
979137,2009,9
979137,2010,9
979137,2011,9
979137,2012,9
979137,2013,9
979137,2014,9
979137,2015,9
979137,2016,9
979137,2017,9
979137,2018,9
979137,2019,9
979137,2020,9
979137,2021,9
982066,2008,9
982066,2011,9
982066,2017,9
982066,2018,9
982310,2018,9
982310,2019,9
982310,2020,9
982310,2021,9
982310,2022,9
982310,2023,9
982310,2024,9
983814,2010,9
983814,2012,9
983814,2013,9
983907,2010,9
983907,2011,9
983907,2012,9
983907,2016,9
983907,2019,9
984279,2011,9
984279,2012,9
984279,2013,9
984279,2014,9
987170,2015,9
987170,2016,9
141872,2021,8
143527,2022,8
145929,2012,8
145929,2018,8
145929,2019,8
145929,2020,8
145929,2021,8
145929,2022,8
145929,2023,8
145929,2024,8
146606,2019,8
975518,2013,8
975518,2014,8
975518,2015,8
975706,2008,8
975706,2009,8
975706,2010,8
975706,2011,8
975706,2012,8
975706,2013,8
975706,2014,8
975706,2015,8
975706,2016,8
975706,2017,8
975707,2008,8
975707,2009,8
975707,2010,8
975707,2011,8
975707,2012,8
975719,2013,8
975719,2014,8
975719,2015,8
975719,2016,8
975719,2017,8
976174,2018,8
976174,2019,8
976174,2020,8
976174,2021,8
976174,2022,8
976174,2023,8
976174,2024,8
979137,2022,8
979137,2023,8
979137,2024,8
979138,2009,8
982056,2010,8
982058,2010,8
982058,2011,8
982059,2008,8
982059,2009,8
982066,2009,8
982066,2010,8
982066,2019,8
982066,2020,8
982066,2021,8
982066,2022,8
982310,2015,8
982310,2016,8
982310,2017,8
983907,2008,8
983907,2009,8
983907,2013,8
983907,2014,8
983907,2015,8
983907,2020,8
983907,2021,8
983907,2022,8
145929,2011,7
146088,2023,7
146088,2024,7
146606,2011,7
146606,2012,7
146606,2013,7
146606,2014,7
146606,2015,7
146606,2016,7
146606,2017,7
146606,2018,7
146606,2020,7
146606,2021,7
146606,2022,7
146606,2023,7
146606,2024,7
867346,2022,7
867346,2023,7
975705,2008,7
975705,2009,7
975705,2010,7
975705,2011,7
975705,2012,7
975705,2013,7
975705,2014,7
975705,2015,7
975706,2018,7
975707,2013,7
975719,2008,7
975719,2009,7
975719,2010,7
975719,2011,7
975719,2012,7
978378,2008,7
978378,2009,7
978435,2018,7
978435,2019,7
978435,2020,7
978435,2021,7
978435,2022,7
978435,2023,7
978435,2024,7
982056,2011,7
982056,2012,7
982056,2013,7
982056,2014,7
982056,2015,7
982056,2016,7
982056,2017,7
982056,2018,7
982056,2019,7
982056,2020,7
982056,2021,7
982056,2022,7
982056,2023,7
982056,2024,7
982058,2008,7
982058,2009,7
982058,2012,7
982058,2016,7
982058,2017,7
982058,2018,7
982058,2019,7
982058,2020,7
982058,2021,7
982058,2022,7
982058,2023,7
982058,2024,7
982059,2010,7
982059,2011,7
982059,2012,7
982059,2013,7
982059,2014,7
982059,2015,7
982059,2016,7
982059,2017,7
982059,2018,7
982059,2019,7
982059,2020,7
982059,2021,7
982059,2022,7
982059,2023,7
982059,2024,7
982062,2009,7
982066,2012,7
982066,2013,7
982066,2014,7
982066,2015,7
982066,2016,7
982066,2024,7
982073,2010,7
982073,2011,7
982073,2012,7
982073,2013,7
982073,2014,7
982073,2015,7
982073,2016,7
982073,2017,7
982073,2018,7
982174,2012,7
982174,2013,7
982575,2010,7
982575,2011,7
982575,2012,7
982575,2013,7
982575,2014,7
982575,2015,7
982575,2016,7
986338,2012,7
986338,2017,7
986338,2018,7
986338,2019,7
986338,2020,7
986338,2021,7
987170,2017,7
987170,2018,7
987170,2019,7
987170,2020,7
141327,2022,6
141327,2023,6
141465,2018,6
141465,2019,6
143729,2017,6
143729,2018,6
143729,2019,6
143729,2020,6
143729,2021,6
143729,2022,6
143729,2023,6
143729,2024,6
146048,2012,6
146048,2013,6
146048,2014,6
146048,2015,6
146048,2016,6
146606,2008,6
146606,2009,6
146606,2010,6
867346,2018,6
867346,2019,6
867346,2020,6
867346,2021,6
867346,2024,6
975705,2016,6
975705,2017,6
975705,2018,6
975705,2019,6
975705,2020,6
975705,2021,6
975705,2022,6
975705,2023,6
975705,2024,6
975706,2019,6
975706,2020,6
975706,2021,6
975706,2022,6
975822,2012,6
975822,2013,6
975822,2014,6
975822,2015,6
975822,2016,6
975822,2017,6
975822,2023,6
979138,2010,6
979138,2011,6
979138,2012,6
979138,2013,6
979143,2009,6
979143,2010,6
979143,2011,6
979143,2012,6
979143,2013,6
982058,2013,6
982058,2014,6
982058,2015,6
982062,2010,6
982062,2016,6
982062,2017,6
982066,2023,6
982070,2009,6
982073,2019,6
982073,2020,6
982073,2021,6
982073,2022,6
982073,2023,6
982073,2024,6
982094,2008,6
982174,2008,6
982174,2009,6
982174,2010,6
982174,2011,6
982174,2014,6
982174,2015,6
982174,2016,6
982174,2017,6
982174,2018,6
982174,2019,6
982174,2020,6
982174,2021,6
982174,2022,6
982174,2023,6
982174,2024,6
982457,2008,6
982575,2008,6
982575,2009,6
982575,2017,6
982575,2018,6
983907,2023,6
983907,2024,6
986338,2013,6
986338,2014,6
986338,2015,6
986338,2016,6
986338,2022,6
986338,2023,6
986338,2024,6
986608,2013,6
986608,2014,6
986608,2015,6
986608,2016,6
986608,2017,6
986608,2018,6
987170,2021,6
987170,2022,6
987170,2023,6
987170,2024,6
141272,2022,5
141272,2023,5
141327,2024,5
141465,2017,5
141919,2014,5
141919,2015,5
141919,2016,5
141919,2017,5
146048,2011,5
146048,2017,5
146048,2018,5
146048,2019,5
146048,2024,5
146088,2012,5
146088,2013,5
146088,2014,5
146088,2015,5
146088,2016,5
146088,2017,5
146088,2018,5
146088,2019,5
146088,2020,5
146088,2021,5
146088,2022,5
427310,2008,5
427310,2009,5
427310,2015,5
865773,2008,5
865773,2009,5
867346,2017,5
867627,2010,5
867627,2011,5
867627,2012,5
867627,2013,5
867627,2014,5
867627,2015,5
867627,2016,5
867627,2017,5
867627,2018,5
975518,2018,5
975518,2019,5
975706,2023,5
975706,2024,5
975710,2012,5
975710,2013,5
975716,2008,5
975716,2009,5
975716,2010,5
975822,2011,5
976527,2008,5
976527,2009,5
976527,2010,5
976527,2011,5
976527,2017,5
976527,2018,5
976527,2019,5
976527,2020,5
976527,2021,5
976527,2022,5
976527,2023,5
976527,2024,5
976632,2008,5
976632,2009,5
976632,2010,5
976632,2011,5
976632,2012,5
976632,2013,5
976632,2014,5
976632,2015,5
976632,2016,5
976807,2016,5
976807,2017,5
978378,2010,5
978378,2011,5
978378,2012,5
978435,2016,5
978435,2017,5
979138,2014,5
979138,2015,5
979138,2016,5
979138,2017,5
979138,2018,5
979138,2019,5
979138,2020,5
979138,2021,5
979138,2022,5
979138,2023,5
979138,2024,5
979143,2014,5
979143,2015,5
979143,2016,5
979143,2017,5
979143,2018,5
979143,2019,5
979143,2020,5
979143,2021,5
979143,2022,5
979143,2023,5
979143,2024,5
979155,2008,5
979155,2009,5
979155,2010,5
979155,2011,5
979155,2012,5
979155,2013,5
979155,2014,5
979155,2015,5
979155,2016,5
979155,2017,5
979155,2018,5
979155,2019,5
979155,2020,5
979385,2013,5
979385,2014,5
979385,2015,5
979385,2018,5
979385,2019,5
979385,2020,5
979385,2021,5
979385,2022,5
979385,2023,5
979385,2024,5
980662,2014,5
980662,2015,5
980662,2016,5
980662,2017,5
981581,2010,5
981581,2011,5
981581,2012,5
982062,2011,5
982062,2018,5
982062,2019,5
982062,2020,5
982062,2021,5
982070,2008,5
982070,2010,5
982070,2011,5
982070,2012,5
982070,2013,5
982073,2008,5
982073,2009,5
982079,2016,5
982079,2017,5
982079,2018,5
982079,2019,5
982079,2020,5
982079,2021,5
982079,2022,5
982079,2023,5
982079,2024,5
982094,2009,5
982094,2012,5
982176,2008,5
982176,2009,5
982310,2014,5
982453,2008,5
982453,2009,5
982453,2010,5
982453,2011,5
982453,2012,5
982453,2013,5
982453,2014,5
982453,2015,5
982453,2016,5
982453,2017,5
982453,2018,5
982453,2019,5
982453,2020,5
982453,2021,5
982453,2022,5
982453,2023,5
982453,2024,5
982457,2009,5
982457,2010,5
982457,2011,5
982457,2012,5
982457,2013,5
982457,2014,5
982457,2015,5
982457,2016,5
982457,2017,5
982457,2018,5
982457,2019,5
982457,2020,5
982457,2021,5
982457,2022,5
982457,2023,5
982457,2024,5
982575,2019,5
982575,2020,5
982575,2021,5
982575,2022,5
982575,2023,5
984262,2014,5
984262,2015,5
984262,2016,5
984262,2017,5
984262,2018,5
984262,2019,5
984262,2020,5
984262,2021,5
984262,2022,5
984262,2023,5
984262,2024,5
986608,2008,5
986608,2009,5
986608,2010,5
986608,2011,5
986608,2012,5
986608,2019,5
986608,2020,5
986608,2021,5
986608,2022,5
986608,2023,5
986608,2024,5
141128,2024,4
141360,2020,4
141360,2021,4
141360,2022,4
141360,2023,4
141360,2024,4
141465,2020,4
141494,2018,4
141494,2019,4
141530,2022,4
141872,2022,4
141872,2023,4
141872,2024,4
142361,2015,4
142361,2016,4
142370,2013,4
142370,2014,4
142370,2015,4
142370,2016,4
142370,2017,4
142370,2018,4
145017,2017,4
145017,2018,4
145017,2019,4
145017,2020,4
145017,2021,4
145017,2022,4
145017,2023,4
145017,2024,4
146048,2008,4
146048,2009,4
146048,2010,4
146048,2020,4
146048,2021,4
146048,2022,4
146048,2023,4
146081,2010,4
146081,2011,4
146934,2020,4
146934,2021,4
367532,2009,4
367532,2010,4
427310,2010,4
427431,2019,4
427431,2020,4
427431,2021,4
427431,2022,4
427431,2023,4
427431,2024,4
865773,2010,4
865773,2011,4
865773,2012,4
865773,2013,4
865773,2014,4
865773,2015,4
865773,2016,4
865773,2017,4
865773,2018,4
865773,2019,4
865773,2020,4
865773,2021,4
865773,2022,4
865773,2023,4
865773,2024,4
867346,2008,4
867346,2009,4
867346,2010,4
867346,2011,4
867346,2012,4
867346,2013,4
867346,2014,4
867346,2015,4
867346,2016,4
867627,2008,4
867627,2009,4
867627,2019,4
867627,2020,4
867627,2021,4
867627,2022,4
867627,2023,4
867627,2024,4
975168,2008,4
975572,2023,4
975572,2024,4
975707,2014,4
975707,2015,4
975707,2016,4
975710,2008,4
975710,2009,4
975710,2010,4
975710,2011,4
975710,2014,4
975710,2015,4
975710,2016,4
975710,2017,4
975710,2018,4
975710,2019,4
975710,2020,4
975710,2021,4
975710,2022,4
975710,2023,4
975710,2024,4
975711,2008,4
975711,2009,4
975711,2010,4
975711,2011,4
975711,2012,4
975711,2013,4
975716,2011,4
975716,2012,4
975822,2018,4
975822,2019,4
975822,2020,4
975822,2021,4
975822,2022,4
976189,2008,4
976189,2009,4
976189,2010,4
976189,2011,4
976189,2012,4
976189,2013,4
976189,2014,4
976189,2015,4
976189,2016,4
976189,2017,4
976189,2018,4
976189,2019,4
976189,2020,4
976189,2021,4
976189,2022,4
976189,2023,4
976189,2024,4
976527,2012,4
976527,2013,4
976527,2014,4
976527,2015,4
976527,2016,4
976632,2017,4
976632,2018,4
976632,2019,4
976632,2020,4
976679,2017,4
976679,2018,4
976807,2014,4
976807,2015,4
978378,2013,4
978378,2014,4
978378,2024,4
978380,2019,4
978380,2020,4
978380,2021,4
978380,2022,4
978380,2023,4
978435,2015,4
978849,2016,4
978849,2017,4
978849,2018,4
978849,2019,4
978849,2020,4
978849,2021,4
978849,2022,4
978849,2023,4
978849,2024,4
979143,2008,4
979144,2008,4
979144,2009,4
979144,2010,4
979144,2011,4
979144,2012,4
979144,2013,4
979144,2014,4
979144,2015,4
979144,2016,4
979144,2017,4
979144,2018,4
979155,2021,4
979155,2022,4
979155,2023,4
979155,2024,4
979319,2008,4
979319,2009,4
979319,2010,4
979319,2011,4
979319,2012,4
979319,2013,4
979319,2014,4
979319,2015,4
979319,2016,4
979319,2017,4
979319,2018,4
979319,2019,4
979319,2020,4
979319,2021,4
979319,2022,4
979319,2023,4
979319,2024,4
979385,2008,4
979385,2009,4
979385,2010,4
979385,2011,4
979385,2012,4
979385,2016,4
979385,2017,4
979464,2016,4
979464,2017,4
979464,2018,4
979464,2019,4
979464,2020,4
979464,2021,4
979464,2022,4
979464,2023,4
979464,2024,4
979932,2011,4
979932,2012,4
980662,2009,4
980662,2010,4
980662,2011,4
980662,2012,4
980662,2013,4
980662,2018,4
980662,2019,4
980662,2020,4
980662,2021,4
980662,2022,4
980662,2023,4
980662,2024,4
981581,2013,4
981581,2014,4
981581,2015,4
981581,2016,4
981581,2017,4
981581,2018,4
981581,2019,4
981581,2020,4
981581,2021,4
981581,2022,4
981581,2023,4
981773,2012,4
981773,2013,4
981773,2014,4
981773,2015,4
981773,2016,4
982062,2012,4
982062,2013,4
982062,2014,4
982062,2015,4
982062,2022,4
982062,2023,4
982062,2024,4
982063,2008,4
982063,2009,4
982063,2010,4
982063,2011,4
982063,2012,4
982063,2013,4
982063,2014,4
982063,2015,4
982064,2008,4
982064,2009,4
982064,2011,4
982064,2012,4
982064,2013,4
982079,2008,4
982079,2009,4
982079,2010,4
982079,2011,4
982079,2012,4
982079,2013,4
982079,2014,4
982079,2015,4
982094,2010,4
982094,2011,4
982094,2013,4
982094,2014,4
982094,2015,4
982094,2016,4
982094,2020,4
982141,2016,4
982141,2017,4
982141,2018,4
982141,2019,4
982141,2020,4
982141,2021,4
982141,2022,4
982141,2023,4
982141,2024,4
982310,2008,4
982310,2009,4
982310,2010,4
982310,2011,4
982310,2012,4
982310,2013,4
982575,2024,4
983901,2011,4
983901,2012,4
983901,2013,4
983901,2014,4
983901,2015,4
983901,2016,4
984262,2008,4
984262,2009,4
984262,2010,4
984262,2011,4
984262,2012,4
984262,2013,4
984389,2014,4
984821,2009,4
984821,2010,4
984821,2011,4
984821,2012,4
986168,2008,4
986168,2009,4
986298,2008,4
986298,2009,4
986298,2010,4
986298,2011,4
986298,2012,4
986298,2013,4
986298,2014,4
986298,2015,4
986298,2016,4
986298,2017,4
986298,2018,4
986298,2019,4
986298,2020,4
986298,2021,4
986298,2022,4
986298,2023,4
986298,2024,4
986575,2014,4
986575,2015,4
986575,2016,4
986575,2017,4
986986,2008,4
986986,2009,4
986986,2010,4
986986,2011,4
986986,2012,4
986986,2013,4
986986,2014,4
986986,2015,4
986986,2016,4
986986,2017,4
986986,2018,4
986986,2019,4
141256,2024,3
141272,2024,3
141360,2019,3
141363,2021,3
141363,2022,3
141363,2023,3
141363,2024,3
141494,2017,3
141530,2019,3
141530,2020,3
141530,2021,3
141530,2023,3
141530,2024,3
141919,2018,3
141919,2019,3
141919,2020,3
141919,2021,3
141919,2022,3
141919,2023,3
141919,2024,3
142338,2011,3
142338,2012,3
142338,2013,3
142338,2014,3
142338,2015,3
142338,2016,3
142338,2017,3
142338,2018,3
142338,2019,3
142338,2020,3
142338,2021,3
142338,2022,3
142338,2023,3
142338,2024,3
142361,2010,3
142361,2011,3
142361,2012,3
142361,2013,3
142361,2014,3
142361,2017,3
142370,2019,3
142370,2020,3
142370,2021,3
142370,2022,3
142370,2023,3
142370,2024,3
142418,2013,3
142418,2014,3
142418,2015,3
142418,2016,3
142418,2017,3
143527,2011,3
143527,2012,3
143527,2013,3
143527,2014,3
143527,2015,3
143527,2016,3
143527,2017,3
143527,2018,3
143527,2019,3
143527,2020,3
143527,2021,3
143998,2009,3
143998,2010,3
143998,2011,3
143998,2012,3
143998,2013,3
143998,2014,3
143998,2015,3
143998,2016,3
143998,2017,3
145175,2023,3
145175,2024,3
145424,2019,3
145424,2020,3
145424,2021,3
145424,2022,3
145424,2023,3
145424,2024,3
145493,2017,3
145493,2018,3
145493,2019,3
145493,2020,3
145493,2021,3
145493,2022,3
145493,2023,3
145493,2024,3
145911,2009,3
145911,2010,3
145911,2011,3
145944,2018,3
145944,2019,3
145944,2020,3
145944,2021,3
145944,2022,3
145944,2023,3
146081,2009,3
146081,2012,3
146081,2013,3
146081,2014,3
146587,2008,3
146934,2019,3
146934,2022,3
146934,2023,3
146934,2024,3
147266,2012,3
147266,2013,3
147266,2014,3
366851,2011,3
366994,2023,3
366994,2024,3
367087,2011,3
367087,2012,3
367087,2013,3
367087,2014,3
367157,2019,3
367157,2020,3
367157,2021,3
367157,2022,3
367157,2023,3
367157,2024,3
367532,2011,3
427431,2008,3
427431,2009,3
427431,2010,3
427431,2011,3
427431,2012,3
427431,2013,3
427431,2014,3
427431,2015,3
427431,2016,3
427431,2017,3
427431,2018,3
865665,2016,3
865665,2017,3
865665,2018,3
865665,2019,3
865665,2020,3
865665,2021,3
865906,2017,3
865906,2018,3
865906,2019,3
865906,2020,3
865906,2021,3
865906,2022,3
865906,2023,3
865906,2024,3
867302,2011,3
867302,2012,3
867302,2013,3
867302,2014,3
867302,2015,3
867302,2016,3
867302,2017,3
867302,2018,3
867302,2019,3
867302,2021,3
867302,2022,3
867302,2023,3
973597,2015,3
973597,2016,3
973597,2017,3
973597,2018,3
973597,2019,3
975575,2008,3
975575,2009,3
975575,2010,3
975575,2011,3
975575,2012,3
975575,2013,3
975575,2014,3
975575,2015,3
975575,2016,3
975575,2017,3
975711,2014,3
975711,2015,3
975711,2016,3
975711,2017,3
975711,2018,3
975711,2019,3
975711,2020,3
975711,2024,3
975712,2008,3
975716,2013,3
975716,2014,3
975720,2008,3
975720,2009,3
975720,2010,3
975720,2011,3
975720,2012,3
975720,2013,3
975720,2014,3
975720,2015,3
975720,2016,3
975720,2017,3
975720,2018,3
975720,2019,3
975720,2020,3
975720,2021,3
975720,2022,3
975720,2023,3
975720,2024,3
975749,2015,3
975749,2016,3
975749,2017,3
975882,2018,3
975882,2019,3
975882,2020,3
975882,2021,3
975882,2022,3
975882,2023,3
975882,2024,3
975887,2023,3
975887,2024,3
975905,2013,3
975905,2014,3
976002,2017,3
976002,2018,3
976038,2018,3
976038,2019,3
976038,2020,3
976038,2021,3
976038,2022,3
976258,2023,3
976258,2024,3
976580,2012,3
976580,2013,3
976580,2014,3
976580,2015,3
976580,2016,3
976632,2021,3
976632,2022,3
976632,2023,3
976632,2024,3
976679,2016,3
976722,2008,3
976722,2009,3
977302,2015,3
977302,2016,3
977302,2017,3
977302,2018,3
977412,2008,3
977412,2009,3
977412,2010,3
977412,2011,3
977412,2012,3
977412,2013,3
977412,2014,3
977412,2015,3
977412,2016,3
977412,2017,3
977412,2018,3
977412,2019,3
977412,2020,3
977412,2021,3
977412,2022,3
977412,2023,3
977412,2024,3
978378,2015,3
978378,2016,3
978378,2017,3
978378,2018,3
978378,2019,3
978378,2020,3
978378,2021,3
978378,2022,3
978378,2023,3
978380,2024,3
978384,2022,3
978384,2023,3
978384,2024,3
978435,2009,3
978435,2010,3
978435,2011,3
978435,2012,3
978435,2013,3
978435,2014,3
978849,2014,3
978849,2015,3
979083,2008,3
979083,2009,3
979083,2010,3
979083,2011,3
979083,2012,3
979083,2013,3
979083,2014,3
979083,2015,3
979083,2016,3
979144,2019,3
979144,2020,3
979144,2021,3
979165,2008,3
979165,2009,3
979165,2010,3
979165,2011,3
979165,2012,3
979165,2013,3
979165,2014,3
979165,2015,3
979165,2016,3
979165,2017,3
979165,2018,3
979165,2019,3
979165,2020,3
979165,2021,3
979165,2022,3
979199,2008,3
979199,2009,3
979199,2010,3
979199,2011,3
979199,2012,3
979199,2013,3
979199,2014,3
979199,2015,3
979199,2016,3
979199,2017,3
979199,2018,3
979199,2019,3
979199,2020,3
979199,2021,3
979199,2022,3
979592,2008,3
979592,2009,3
979592,2010,3
979592,2011,3
979592,2012,3
979592,2013,3
979592,2014,3
979592,2015,3
979592,2016,3
979592,2017,3
979592,2018,3
979592,2019,3
979592,2020,3
979592,2021,3
979592,2022,3
979592,2023,3
979592,2024,3
979616,2013,3
979616,2014,3
979616,2015,3
979616,2016,3
979932,2013,3
979932,2014,3
979932,2023,3
979932,2024,3
980164,2008,3
980164,2009,3
980164,2010,3
980164,2011,3
980164,2012,3
980164,2013,3
980164,2014,3
980164,2015,3
980164,2016,3
980164,2017,3
980164,2018,3
980164,2019,3
980164,2020,3
980164,2021,3
980164,2022,3
980164,2023,3
980164,2024,3
980251,2010,3
980251,2011,3
980251,2012,3
980251,2013,3
980665,2015,3
980665,2016,3
980665,2017,3
980665,2018,3
980665,2019,3
980665,2020,3
980665,2021,3
980665,2022,3
980908,2008,3
980908,2009,3
980908,2010,3
980908,2011,3
980912,2008,3
980912,2009,3
980912,2010,3
980912,2011,3
980912,2012,3
980912,2013,3
980912,2014,3
980912,2015,3
980912,2016,3
980912,2017,3
980912,2018,3
980912,2019,3
980912,2020,3
980912,2021,3
980912,2022,3
980912,2023,3
980912,2024,3
981658,2016,3
981658,2017,3
981658,2018,3
981658,2019,3
981658,2020,3
981658,2021,3
981773,2008,3
981773,2009,3
981773,2010,3
981773,2011,3
981773,2017,3
981773,2018,3
981773,2019,3
981773,2020,3
981773,2021,3
981773,2022,3
981773,2023,3
981773,2024,3
982063,2016,3
982063,2017,3
982063,2018,3
982063,2019,3
982063,2020,3
982063,2021,3
982063,2022,3
982063,2023,3
982063,2024,3
982064,2010,3
982083,2008,3
982083,2009,3
982083,2010,3
982083,2011,3
982083,2012,3
982083,2013,3
982083,2014,3
982083,2015,3
982083,2016,3
982083,2017,3
982083,2018,3
982083,2019,3
982083,2020,3
982083,2021,3
982083,2022,3
982083,2023,3
982083,2024,3
982094,2017,3
982094,2018,3
982094,2019,3
982094,2021,3
982101,2011,3
982101,2012,3
982101,2013,3
982101,2014,3
982101,2015,3
982101,2016,3
982101,2017,3
982131,2008,3
982131,2009,3
982131,2010,3
982131,2011,3
982131,2012,3
982131,2013,3
982131,2014,3
982131,2015,3
982131,2016,3
982131,2017,3
982131,2018,3
982131,2019,3
982131,2020,3
982131,2021,3
982131,2022,3
982131,2023,3
982131,2024,3
982141,2008,3
982141,2009,3
982141,2010,3
982141,2011,3
982141,2012,3
982141,2013,3
982141,2014,3
982141,2015,3
982145,2011,3
982145,2012,3
982145,2013,3
982176,2010,3
982176,2011,3
982176,2012,3
982176,2019,3
982176,2020,3
982176,2021,3
982176,2022,3
982176,2023,3
982176,2024,3
982270,2008,3
982270,2009,3
982270,2010,3
982270,2011,3
982270,2012,3
982270,2013,3
982270,2014,3
982336,2008,3
982385,2011,3
982385,2012,3
982385,2013,3
982385,2014,3
982385,2015,3
982393,2023,3
982393,2024,3
982495,2013,3
982495,2014,3
982495,2015,3
982495,2016,3
982495,2017,3
982495,2018,3
982495,2019,3
982495,2020,3
982495,2021,3
982495,2022,3
982495,2023,3
982495,2024,3
982682,2014,3
983576,2008,3
983576,2009,3
983576,2010,3
983576,2011,3
983576,2012,3
983576,2013,3
983576,2014,3
983576,2015,3
983576,2016,3
983576,2017,3
983576,2018,3
983576,2019,3
983576,2020,3
983576,2021,3
983576,2022,3
983576,2023,3
983576,2024,3
983655,2015,3
983655,2016,3
983829,2008,3
983829,2009,3
983829,2010,3
983829,2011,3
983829,2012,3
983868,2008,3
983868,2009,3
983868,2010,3
983868,2011,3
983868,2012,3
983868,2013,3
983868,2014,3
983868,2015,3
983868,2016,3
983868,2017,3
983868,2018,3
983868,2019,3
983868,2020,3
983868,2021,3
983868,2022,3
983868,2023,3
983868,2024,3
983881,2015,3
983881,2016,3
983881,2017,3
983881,2018,3
983881,2019,3
983881,2020,3
983881,2021,3
983881,2022,3
983881,2023,3
983881,2024,3
984080,2008,3
984080,2009,3
984080,2010,3
984080,2011,3
984080,2012,3
984080,2013,3
984080,2014,3
984080,2015,3
984080,2016,3
984080,2017,3
984080,2018,3
984080,2019,3
984080,2020,3
984080,2021,3
984080,2022,3
984080,2023,3
984080,2024,3
984365,2018,3
984365,2019,3
984365,2020,3
984365,2021,3
984365,2022,3
984365,2023,3
984389,2008,3
984389,2009,3
984389,2010,3
984389,2011,3
984389,2012,3
984389,2013,3
984389,2015,3
984389,2016,3
984389,2017,3
984389,2018,3
984389,2019,3
984389,2020,3
984389,2021,3
984389,2022,3
984389,2023,3
984389,2024,3
984821,2008,3
984862,2011,3
984862,2012,3
984862,2013,3
984862,2014,3
984862,2015,3
984862,2016,3
984862,2017,3
984862,2018,3
984862,2019,3
984862,2020,3
984862,2021,3
984862,2022,3
984862,2023,3
984862,2024,3
985844,2019,3
985844,2020,3
985844,2021,3
985844,2022,3
985844,2023,3
985844,2024,3
986168,2010,3
986168,2011,3
986168,2012,3
986168,2013,3
986168,2014,3
986168,2015,3
986168,2016,3
986168,2017,3
986285,2013,3
986285,2014,3
986285,2015,3
986285,2016,3
986285,2017,3
986285,2018,3
986285,2019,3
986285,2020,3
986285,2021,3
986285,2022,3
986285,2023,3
986302,2013,3
986302,2014,3
986302,2015,3
986302,2016,3
986302,2017,3
986302,2018,3
986302,2019,3
986302,2020,3
986302,2021,3
986302,2022,3
986302,2023,3
986302,2024,3
986337,2017,3
986337,2018,3
986337,2019,3
986337,2020,3
986575,2012,3
986575,2013,3
986575,2018,3
986575,2019,3
986575,2020,3
986575,2021,3
986575,2022,3
986575,2023,3
986575,2024,3
986592,2009,3
986592,2010,3
986592,2011,3
986592,2012,3
986592,2013,3
986592,2014,3
986592,2015,3
986592,2016,3
986592,2017,3
986592,2018,3
986592,2019,3
986592,2020,3
986592,2021,3
986592,2022,3
986609,2008,3
986609,2009,3
986609,2010,3
986609,2011,3
986609,2012,3
986609,2013,3
986609,2014,3
986609,2015,3
986609,2016,3
986609,2017,3
986609,2018,3
986609,2019,3
986609,2020,3
986609,2021,3
986609,2022,3
986609,2023,3
986609,2024,3
986957,2015,3
986957,2016,3
986957,2017,3
986957,2018,3
986957,2019,3
986957,2020,3
986957,2021,3
986957,2022,3
986957,2023,3
986957,2024,3
986986,2020,3
986986,2021,3
986986,2022,3
986986,2023,3
986986,2024,3
987222,2008,3
987222,2009,3
987222,2010,3
987259,2008,3
987259,2009,3
987259,2010,3
987259,2011,3
987259,2012,3
987259,2013,3
987259,2014,3
987259,2015,3
987259,2016,3
987259,2017,3
987259,2018,3
141160,2023,2
141160,2024,2
141166,2023,2
141166,2024,2
141238,2022,2
141238,2023,2
141238,2024,2
141264,2024,2
141363,2019,2
141363,2020,2
141365,2020,2
141365,2021,2
141365,2022,2
141365,2023,2
141365,2024,2
141446,2019,2
141446,2020,2
141448,2018,2
141448,2019,2
141448,2020,2
141448,2021,2
141448,2022,2
141448,2023,2
141448,2024,2
141494,2020,2
141494,2021,2
141550,2016,2
141550,2017,2
141550,2018,2
141550,2019,2
141550,2020,2
141550,2021,2
141550,2022,2
141550,2023,2
141550,2024,2
141803,2016,2
141803,2017,2
141803,2018,2
141803,2019,2
141803,2020,2
141803,2021,2
141803,2022,2
141803,2023,2
141803,2024,2
141818,2024,2
141838,2014,2
141838,2015,2
141838,2016,2
141838,2017,2
141838,2018,2
141838,2019,2
141838,2020,2
141838,2021,2
141838,2022,2
141838,2023,2
141838,2024,2
141847,2022,2
141847,2023,2
141847,2024,2
141955,2023,2
141982,2016,2
141982,2017,2
141982,2018,2
141982,2019,2
142073,2023,2
142073,2024,2
142074,2016,2
142074,2017,2
142074,2018,2
142074,2019,2
142299,2021,2
142299,2022,2
142299,2023,2
142299,2024,2
142327,2013,2
142327,2014,2
142327,2015,2
142327,2016,2
142327,2017,2
142327,2018,2
142327,2019,2
142327,2020,2
142327,2021,2
142327,2022,2
142329,2020,2
142329,2021,2
142329,2022,2
142329,2023,2
142329,2024,2
142335,2019,2
142340,2014,2
142340,2015,2
142340,2016,2
142343,2019,2
142343,2020,2
142343,2021,2
142343,2022,2
142343,2023,2
142343,2024,2
142345,2011,2
142345,2012,2
142345,2013,2
142345,2014,2
142345,2015,2
142345,2016,2
142345,2017,2
142345,2018,2
142345,2019,2
142345,2020,2
142345,2021,2
142345,2022,2
142345,2023,2
142345,2024,2
142389,2013,2
142389,2014,2
142389,2015,2
142389,2016,2
142389,2017,2
142389,2018,2
142389,2019,2
142389,2020,2
142389,2021,2
142389,2022,2
142389,2023,2
142389,2024,2
142418,2018,2
142460,2020,2
142460,2021,2
142460,2022,2
142460,2023,2
142460,2024,2
142461,2011,2
142461,2012,2
142461,2013,2
142461,2014,2
142461,2015,2
142461,2016,2
142461,2017,2
142774,2012,2
142774,2013,2
142774,2014,2
142774,2015,2
142827,2016,2
142827,2017,2
142827,2018,2
142827,2019,2
142859,2012,2
142859,2013,2
142911,2010,2
142911,2011,2
142911,2012,2
142911,2013,2
142911,2014,2
142911,2015,2
142911,2016,2
142911,2017,2
142962,2023,2
142962,2024,2
143580,2019,2
143580,2020,2
143580,2021,2
143580,2022,2
143580,2023,2
143580,2024,2
143585,2020,2
143585,2021,2
143585,2022,2
143585,2023,2
143585,2024,2
143630,2020,2
143630,2021,2
143630,2022,2
143630,2023,2
143630,2024,2
143949,2022,2
143949,2023,2
143949,2024,2
143998,2018,2
143998,2019,2
143998,2020,2
143998,2021,2
144083,2024,2
144241,2018,2
144241,2019,2
144241,2020,2
144241,2021,2
144241,2022,2
144241,2023,2
144241,2024,2
144511,2018,2
144511,2020,2
144777,2023,2
144777,2024,2
145175,2016,2
145175,2017,2
145175,2018,2
145175,2019,2
145175,2020,2
145175,2021,2
145175,2022,2
145386,2014,2
145386,2015,2
145386,2016,2
145386,2017,2
145386,2018,2
145409,2010,2
145409,2011,2
145409,2012,2
145409,2013,2
145409,2014,2
145409,2015,2
145409,2016,2
145409,2017,2
145409,2018,2
145409,2019,2
145409,2020,2
145409,2021,2
145409,2022,2
145409,2023,2
145409,2024,2
145911,2012,2
145911,2013,2
145911,2014,2
145911,2015,2
145911,2016,2
145911,2017,2
145911,2019,2
145911,2020,2
145911,2021,2
145911,2022,2
145911,2023,2
145911,2024,2
145932,2011,2
145932,2012,2
145932,2013,2
145932,2014,2
145932,2015,2
145932,2016,2
145932,2017,2
145932,2018,2
145932,2019,2
145932,2020,2
145932,2021,2
145941,2022,2
145941,2023,2
145941,2024,2
145944,2011,2
145944,2012,2
145944,2013,2
145944,2014,2
145944,2015,2
145944,2016,2
145944,2017,2
145944,2024,2
146007,2014,2
146007,2015,2
146007,2016,2
146007,2017,2
146007,2018,2
146007,2019,2
146007,2020,2
146081,2008,2
146081,2015,2
146081,2016,2
146081,2017,2
146081,2018,2
146081,2019,2
146081,2020,2
146081,2021,2
146081,2022,2
146081,2023,2
146081,2024,2
146266,2008,2
146266,2009,2
146325,2019,2
146325,2020,2
146325,2021,2
146325,2022,2
146326,2011,2
146326,2012,2
146326,2013,2
146326,2014,2
146326,2015,2
146326,2016,2
146326,2017,2
146326,2018,2
146326,2019,2
146326,2020,2
146326,2021,2
146326,2022,2
146326,2023,2
146326,2024,2
146353,2016,2
146353,2017,2
146353,2018,2
146353,2019,2
146353,2020,2
146353,2021,2
146353,2022,2
146444,2012,2
146444,2013,2
146444,2014,2
146444,2015,2
146444,2016,2
146444,2017,2
146444,2018,2
146444,2019,2
146444,2020,2
146444,2021,2
146444,2022,2
146444,2023,2
146444,2024,2
146525,2015,2
146525,2016,2
146525,2017,2
146525,2018,2
146541,2010,2
146541,2011,2
146541,2012,2
146587,2009,2
146587,2010,2
146668,2018,2
146668,2019,2
146668,2020,2
146668,2021,2
146668,2022,2
146668,2023,2
146668,2024,2
146670,2008,2
146670,2009,2
146670,2010,2
146670,2011,2
146670,2012,2
146670,2015,2
146670,2016,2
146670,2017,2
146670,2018,2
146670,2019,2
146716,2008,2
146716,2009,2
146716,2010,2
146934,2017,2
146934,2018,2
146962,2008,2
146962,2009,2
146962,2010,2
146962,2011,2
146962,2012,2
146962,2013,2
146962,2014,2
146962,2015,2
146962,2016,2
146962,2017,2
146962,2018,2
146962,2019,2
146962,2020,2
146962,2021,2
146962,2022,2
146962,2023,2
146962,2024,2
147121,2019,2
147121,2020,2
147121,2021,2
147121,2022,2
147121,2023,2
147121,2024,2
147141,2008,2
147141,2009,2
147141,2010,2
147141,2011,2
147141,2012,2
147141,2013,2
147141,2014,2
147141,2015,2
147141,2016,2
147141,2017,2
147141,2018,2
147141,2019,2
147141,2020,2
147141,2021,2
147141,2022,2
147141,2023,2
147141,2024,2
147151,2018,2
147151,2019,2
147151,2020,2
147151,2021,2
147151,2022,2
147157,2008,2
147157,2009,2
147157,2010,2
147193,2024,2
147214,2024,2
147266,2011,2
147444,2010,2
147444,2011,2
147483,2017,2
147483,2018,2
147483,2019,2
147483,2020,2
147483,2021,2
147483,2022,2
147483,2023,2
147483,2024,2
147520,2017,2
147520,2018,2
147520,2019,2
147526,2014,2
147526,2015,2
147526,2016,2
147526,2017,2
147526,2018,2
147526,2019,2
147526,2020,2
147526,2021,2
147526,2022,2
147526,2023,2
147526,2024,2
147617,2016,2
147617,2017,2
147617,2018,2
147617,2019,2
147617,2020,2
147618,2008,2
147618,2009,2
147618,2010,2
147618,2011,2
147618,2012,2
217248,2008,2
217248,2009,2
217248,2010,2
217248,2011,2
366708,2023,2
366708,2024,2
366748,2016,2
366748,2017,2
366748,2018,2
366748,2019,2
366748,2020,2
366775,2008,2
366851,2008,2
366851,2009,2
366851,2010,2
366851,2012,2
366852,2008,2
366852,2009,2
366852,2010,2
366920,2018,2
366920,2019,2
366920,2020,2
366920,2021,2
366920,2022,2
366920,2023,2
366920,2024,2
366994,2020,2
366994,2021,2
366994,2022,2
367074,2008,2
367074,2009,2
367074,2010,2
367074,2011,2
367074,2012,2
367074,2013,2
367074,2014,2
367074,2015,2
367074,2016,2
367074,2017,2
367103,2013,2
367103,2014,2
367103,2015,2
367103,2016,2
367103,2017,2
367103,2018,2
367103,2019,2
367103,2020,2
367103,2021,2
367103,2022,2
367103,2023,2
367103,2024,2
367116,2018,2
367116,2019,2
367116,2020,2
367116,2021,2
367118,2010,2
367118,2011,2
367118,2012,2
367118,2013,2
367118,2014,2
367118,2015,2
367118,2016,2
367136,2010,2
367136,2011,2
367136,2012,2
367136,2013,2
367136,2014,2
367136,2015,2
367136,2016,2
367136,2017,2
367157,2016,2
367157,2017,2
367157,2018,2
367251,2010,2
367251,2011,2
367251,2012,2
367251,2013,2
367251,2014,2
367251,2015,2
367251,2016,2
367251,2017,2
367251,2018,2
367251,2019,2
367251,2020,2
367251,2021,2
367251,2022,2
367251,2023,2
367251,2024,2
367368,2011,2
367368,2012,2
367368,2013,2
367368,2014,2
367368,2015,2
367413,2014,2
367413,2015,2
367413,2016,2
367413,2017,2
367413,2018,2
367413,2019,2
367413,2020,2
367414,2008,2
367414,2009,2
367414,2010,2
367414,2011,2
367414,2012,2
367414,2013,2
367414,2014,2
367414,2015,2
367414,2016,2
367414,2017,2
367414,2018,2
367414,2019,2
367420,2008,2
367420,2009,2
367420,2010,2
367420,2011,2
367420,2012,2
367420,2013,2
367420,2014,2
367487,2024,2
367574,2009,2
367574,2010,2
367574,2011,2
367575,2018,2
367575,2019,2
427216,2015,2
427252,2008,2
427252,2009,2
427252,2010,2
427252,2011,2
427252,2012,2
427310,2011,2
427310,2012,2
427310,2013,2
427310,2014,2
427310,2016,2
427310,2017,2
865586,2013,2
865586,2014,2
865586,2015,2
865586,2016,2
865586,2017,2
865586,2018,2
865586,2019,2
865586,2020,2
865586,2021,2
865586,2022,2
865586,2023,2
865586,2024,2
865665,2022,2
865665,2023,2
865665,2024,2
865701,2008,2
865701,2009,2
865701,2010,2
865701,2011,2
865701,2012,2
865701,2013,2
865701,2014,2
865701,2015,2
865701,2016,2
865701,2017,2
865701,2018,2
865701,2019,2
865701,2020,2
865732,2011,2
865732,2012,2
865732,2013,2
865732,2014,2
865732,2015,2
865732,2016,2
865732,2017,2
865732,2018,2
865732,2019,2
865906,2010,2
865906,2011,2
865906,2012,2
865906,2013,2
865906,2014,2
865906,2015,2
865906,2016,2
866105,2008,2
866105,2009,2
866105,2010,2
866105,2011,2
866105,2012,2
866105,2013,2
866105,2014,2
866105,2015,2
866105,2016,2
866105,2017,2
866105,2018,2
866105,2019,2
866152,2014,2
866152,2015,2
866152,2016,2
866152,2017,2
866152,2018,2
866152,2019,2
866152,2020,2
866152,2021,2
866152,2022,2
866152,2023,2
866152,2024,2
866281,2008,2
866281,2009,2
866281,2010,2
866281,2011,2
866281,2012,2
866281,2013,2
866281,2014,2
866281,2015,2
866281,2016,2
866281,2017,2
866283,2008,2
866283,2009,2
866283,2010,2
866283,2011,2
866283,2012,2
866283,2013,2
866283,2014,2
866283,2015,2
866283,2016,2
866283,2017,2
866283,2018,2
866283,2019,2
866283,2020,2
866283,2021,2
866283,2022,2
866283,2023,2
866283,2024,2
866284,2008,2
866284,2009,2
866284,2010,2
866284,2011,2
866284,2012,2
866284,2013,2
866284,2014,2
866284,2015,2
866284,2016,2
866284,2017,2
866284,2018,2
866284,2019,2
866284,2020,2
866284,2021,2
866284,2022,2
866284,2023,2
866284,2024,2
866678,2008,2
866701,2009,2
866701,2010,2
866701,2011,2
866701,2012,2
866701,2013,2
866701,2014,2
866731,2016,2
866731,2017,2
866731,2018,2
866731,2019,2
866731,2020,2
866731,2021,2
866731,2022,2
866731,2023,2
866731,2024,2
866749,2008,2
866769,2017,2
866769,2018,2
866769,2019,2
866769,2020,2
866769,2021,2
866769,2022,2
866769,2023,2
866769,2024,2
866869,2015,2
866869,2016,2
866869,2017,2
866869,2018,2
866869,2019,2
866869,2020,2
866869,2021,2
866869,2022,2
866869,2023,2
866869,2024,2
866898,2008,2
866908,2012,2
866908,2013,2
866908,2014,2
866908,2015,2
866908,2016,2
866908,2017,2
866908,2018,2
866908,2019,2
866908,2020,2
866970,2010,2
866970,2011,2
866970,2012,2
866970,2013,2
866970,2014,2
866970,2015,2
866970,2016,2
866978,2010,2
866978,2011,2
866978,2012,2
866978,2013,2
866978,2014,2
866978,2015,2
866978,2016,2
866978,2017,2
866978,2018,2
866978,2019,2
866978,2020,2
866978,2021,2
866978,2022,2
866978,2023,2
866978,2024,2
867217,2016,2
867217,2017,2
867217,2018,2
867217,2019,2
867217,2020,2
867217,2021,2
867217,2022,2
867217,2023,2
867217,2024,2
867225,2013,2
867225,2014,2
867225,2015,2
867225,2016,2
867225,2017,2
867225,2018,2
867225,2019,2
867225,2020,2
867225,2021,2
867225,2022,2
867225,2023,2
867225,2024,2
867302,2020,2
867302,2024,2
867383,2008,2
867383,2009,2
867383,2010,2
867383,2011,2
867383,2012,2
867383,2013,2
867383,2014,2
867383,2015,2
867383,2016,2
867383,2017,2
867383,2018,2
867383,2019,2
867383,2020,2
867383,2021,2
867383,2022,2
867383,2023,2
867383,2024,2
867412,2017,2
867412,2018,2
867412,2019,2
867412,2020,2
867412,2021,2
867412,2022,2
867490,2008,2
867490,2009,2
867490,2010,2
867490,2011,2
867490,2012,2
867490,2013,2
867490,2014,2
867490,2015,2
867490,2016,2
867490,2017,2
867490,2018,2
867490,2019,2
867490,2020,2
867490,2021,2
867490,2022,2
867490,2023,2
867490,2024,2
867598,2008,2
867598,2009,2
867598,2010,2
867598,2011,2
867598,2012,2
867598,2013,2
867598,2014,2
867598,2015,2
867598,2016,2
867598,2017,2
867601,2010,2
973348,2008,2
973348,2009,2
973348,2010,2
973348,2011,2
973348,2012,2
973348,2013,2
973348,2014,2
973348,2015,2
973348,2016,2
973348,2017,2
973348,2018,2
973348,2019,2
973348,2020,2
973348,2021,2
973348,2022,2
973348,2023,2
973348,2024,2
973366,2008,2
973366,2009,2
973366,2010,2
973366,2011,2
973366,2012,2
973366,2013,2
973366,2014,2
973366,2015,2
973366,2016,2
973366,2017,2
973366,2018,2
973366,2019,2
973597,2020,2
973597,2021,2
973597,2022,2
973597,2023,2
973597,2024,2
973601,2008,2
973601,2009,2
973601,2010,2
973601,2011,2
973601,2012,2
973601,2013,2
973601,2014,2
973601,2015,2
974774,2008,2
974774,2009,2
974774,2010,2
974774,2011,2
975168,2009,2
975168,2010,2
975168,2011,2
975168,2012,2
975409,2008,2
975409,2009,2
975409,2010,2
975409,2011,2
975409,2012,2
975409,2013,2
975409,2014,2
975409,2015,2
975409,2016,2
975409,2017,2
975518,2020,2
975518,2021,2
975518,2022,2
975518,2023,2
975518,2024,2
975572,2008,2
975572,2009,2
975572,2010,2
975572,2011,2
975572,2012,2
975572,2013,2
975572,2014,2
975572,2015,2
975572,2016,2
975572,2017,2
975572,2018,2
975572,2019,2
975572,2020,2
975572,2021,2
975572,2022,2
975575,2018,2
975575,2019,2
975575,2020,2
975575,2021,2
975575,2022,2
975575,2023,2
975575,2024,2
975592,2011,2
975592,2014,2
975592,2015,2
975592,2016,2
975592,2017,2
975592,2018,2
975592,2019,2
975631,2017,2
975631,2018,2
975631,2019,2
975631,2020,2
975631,2021,2
975631,2022,2
975631,2023,2
975631,2024,2
975636,2008,2
975636,2009,2
975685,2008,2
975685,2009,2
975685,2010,2
975685,2011,2
975685,2012,2
975685,2013,2
975685,2014,2
975685,2015,2
975685,2016,2
975685,2017,2
975685,2018,2
975685,2019,2
975685,2020,2
975685,2021,2
975685,2022,2
975685,2023,2
975685,2024,2
975704,2024,2
975709,2008,2
975709,2009,2
975709,2010,2
975709,2011,2
975709,2014,2
975709,2015,2
975709,2016,2
975709,2017,2
975709,2018,2
975709,2019,2
975709,2020,2
975709,2021,2
975709,2022,2
975711,2021,2
975711,2022,2
975711,2023,2
975712,2009,2
975712,2010,2
975712,2011,2
975712,2012,2
975712,2013,2
975712,2014,2
975712,2015,2
975712,2016,2
975712,2017,2
975712,2018,2
975712,2019,2
975712,2020,2
975716,2015,2
975716,2016,2
975716,2017,2
975717,2008,2
975717,2009,2
975717,2010,2
975717,2011,2
975717,2012,2
975717,2013,2
975717,2014,2
975717,2015,2
975717,2016,2
975717,2017,2
975717,2018,2
975717,2019,2
975717,2020,2
975717,2021,2
975717,2022,2
975717,2023,2
975717,2024,2
975718,2008,2
975718,2009,2
975718,2010,2
975718,2011,2
975718,2012,2
975718,2013,2
975718,2014,2
975718,2015,2
975718,2016,2
975718,2017,2
975718,2018,2
975718,2019,2
975718,2020,2
975718,2021,2
975718,2022,2
975718,2023,2
975718,2024,2
975723,2008,2
975723,2009,2
975723,2010,2
975723,2011,2
975723,2012,2
975723,2013,2
975723,2014,2
975723,2015,2
975723,2016,2
975723,2017,2
975723,2018,2
975723,2019,2
975723,2020,2
975723,2021,2
975731,2008,2
975731,2009,2
975731,2010,2
975731,2011,2
975731,2012,2
975731,2013,2
975731,2014,2
975731,2015,2
975731,2016,2
975731,2017,2
975731,2018,2
975731,2019,2
975731,2020,2
975731,2021,2
975731,2022,2
975731,2023,2
975731,2024,2
975735,2008,2
975735,2009,2
975735,2010,2
975735,2011,2
975735,2012,2
975735,2013,2
975735,2014,2
975735,2015,2
975735,2016,2
975735,2017,2
975735,2018,2
975735,2019,2
975742,2008,2
975742,2009,2
975742,2010,2
975742,2011,2
975742,2012,2
975742,2013,2
975742,2014,2
975742,2015,2
975742,2016,2
975742,2017,2
975742,2018,2
975749,2008,2
975749,2009,2
975749,2010,2
975749,2011,2
975749,2012,2
975749,2013,2
975749,2014,2
975749,2018,2
975749,2019,2
975749,2020,2
975749,2021,2
975749,2022,2
975749,2023,2
975749,2024,2
975769,2016,2
975769,2017,2
975769,2018,2
975769,2019,2
975769,2020,2
975769,2021,2
975887,2013,2
975887,2014,2
975887,2015,2
975887,2016,2
975887,2017,2
975887,2018,2
975887,2019,2
975887,2020,2
975887,2021,2
975887,2022,2
975905,2008,2
975905,2009,2
975905,2015,2
975905,2016,2
975905,2017,2
975905,2018,2
975905,2019,2
975993,2014,2
975993,2015,2
975993,2016,2
975993,2017,2
975993,2018,2
975993,2019,2
975993,2020,2
975993,2021,2
975993,2024,2
976002,2016,2
976002,2019,2
976002,2020,2
976002,2021,2
976009,2023,2
976009,2024,2
976038,2015,2
976038,2016,2
976038,2017,2
976038,2023,2
976038,2024,2
976053,2009,2
976053,2010,2
976053,2011,2
976053,2012,2
976053,2013,2
976053,2014,2
976053,2015,2
976053,2016,2
976053,2017,2
976103,2020,2
976103,2021,2
976103,2022,2
976103,2023,2
976103,2024,2
976188,2018,2
976188,2019,2
976188,2020,2
976188,2021,2
976188,2022,2
976188,2023,2
976188,2024,2
976258,2022,2
976358,2011,2
976358,2012,2
976358,2013,2
976358,2014,2
976358,2015,2
976359,2024,2
976580,2008,2
976580,2009,2
976580,2010,2
976580,2011,2
976580,2017,2
976580,2018,2
976580,2019,2
976580,2020,2
976580,2021,2
976580,2022,2
976580,2023,2
976580,2024,2
976593,2008,2
976593,2009,2
976593,2010,2
976593,2011,2
976593,2012,2
976593,2013,2
976593,2014,2
976593,2015,2
976593,2016,2
976593,2017,2
976593,2018,2
976593,2019,2
976593,2020,2
976593,2021,2
976593,2022,2
976593,2023,2
976593,2024,2
976603,2008,2
976603,2009,2
976603,2010,2
976603,2011,2
976679,2019,2
976679,2020,2
976679,2021,2
976679,2022,2
976679,2023,2
976679,2024,2
976722,2010,2
976722,2011,2
976722,2012,2
976722,2013,2
976722,2014,2
976722,2015,2
976722,2016,2
976722,2017,2
976722,2018,2
976722,2019,2
976722,2020,2
976722,2021,2
976722,2022,2
976722,2023,2
976722,2024,2
976807,2018,2
977078,2012,2
977078,2013,2
977078,2014,2
977078,2015,2
977078,2016,2
977078,2017,2
977109,2008,2
977109,2009,2
977109,2010,2
977109,2011,2
977109,2012,2
977132,2012,2
977132,2013,2
977132,2014,2
977132,2015,2
977132,2016,2
977132,2017,2
977132,2018,2
977132,2019,2
977132,2020,2
977132,2021,2
977132,2022,2
977132,2023,2
977132,2024,2
977201,2008,2
977201,2009,2
977239,2008,2
977239,2009,2
977239,2010,2
977239,2011,2
977239,2012,2
977239,2013,2
977239,2014,2
977239,2015,2
977239,2019,2
977239,2020,2
977239,2021,2
977239,2022,2
977239,2023,2
977239,2024,2
977247,2012,2
977247,2013,2
977247,2014,2
977247,2015,2
977247,2016,2
977247,2017,2
977247,2018,2
977247,2019,2
977301,2012,2
977301,2013,2
977301,2014,2
977301,2015,2
977301,2016,2
977301,2017,2
977301,2018,2
977301,2019,2
977301,2020,2
977301,2021,2
977301,2022,2
977301,2023,2
977301,2024,2
977302,2010,2
977302,2011,2
977302,2012,2
977302,2013,2
977302,2014,2
977302,2019,2
977302,2020,2
977302,2021,2
977302,2022,2
977302,2023,2
977302,2024,2
977310,2023,2
977310,2024,2
977402,2011,2
977402,2012,2
977402,2013,2
977402,2014,2
977402,2015,2
977402,2016,2
977402,2017,2
977402,2018,2
977402,2019,2
977402,2020,2
977402,2021,2
977402,2022,2
977402,2023,2
977402,2024,2
977409,2008,2
977409,2009,2
977409,2010,2
977409,2011,2
977409,2012,2
977409,2013,2
977409,2014,2
977409,2015,2
977409,2016,2
977409,2017,2
977409,2018,2
977409,2019,2
977409,2020,2
977409,2021,2
977409,2022,2
977409,2023,2
977409,2024,2
977663,2017,2
977663,2018,2
977663,2019,2
977663,2020,2
977663,2021,2
977663,2022,2
977663,2023,2
977663,2024,2
977666,2008,2
977666,2009,2
977666,2010,2
977666,2011,2
977666,2012,2
977666,2013,2
977666,2014,2
977689,2008,2
977689,2009,2
977689,2010,2
977689,2011,2
977689,2012,2
977689,2013,2
977689,2014,2
977689,2015,2
977689,2016,2
977689,2017,2
977689,2018,2
977689,2019,2
977689,2020,2
977689,2021,2
977689,2022,2
977689,2023,2
977689,2024,2
977741,2008,2
978005,2012,2
978005,2013,2
978005,2014,2
978005,2015,2
978005,2016,2
978005,2017,2
978005,2018,2
978005,2019,2
978005,2020,2
978005,2021,2
978005,2022,2
978005,2023,2
978005,2024,2
978063,2008,2
978063,2009,2
978063,2015,2
978063,2016,2
978063,2017,2
978064,2008,2
978064,2009,2
978064,2010,2
978064,2011,2
978174,2008,2
978174,2009,2
978174,2010,2
978174,2011,2
978174,2012,2
978174,2013,2
978174,2014,2
978174,2015,2
978174,2016,2
978174,2017,2
978174,2018,2
978174,2019,2
978174,2020,2
978174,2021,2
978174,2022,2
978174,2023,2
978174,2024,2
978229,2009,2
978229,2010,2
978229,2011,2
978229,2012,2
978229,2013,2
978229,2014,2
978229,2015,2
978229,2016,2
978229,2017,2
978229,2018,2
978229,2019,2
978229,2020,2
978229,2021,2
978229,2022,2
978229,2023,2
978229,2024,2
978312,2008,2
978312,2009,2
978312,2010,2
978312,2011,2
978312,2012,2
978312,2013,2
978312,2014,2
978312,2015,2
978312,2016,2
978312,2017,2
978312,2018,2
978312,2019,2
978312,2020,2
978312,2021,2
978312,2022,2
978312,2023,2
978380,2008,2
978380,2009,2
978380,2010,2
978380,2011,2
978380,2012,2
978380,2013,2
978380,2014,2
978380,2015,2
978380,2016,2
978380,2017,2
978380,2018,2
978384,2008,2
978384,2009,2
978384,2010,2
978384,2011,2
978384,2012,2
978384,2013,2
978384,2014,2
978384,2015,2
978384,2016,2
978384,2017,2
978384,2018,2
978384,2019,2
978384,2020,2
978384,2021,2
978393,2008,2
978393,2009,2
978393,2010,2
978393,2011,2
978393,2012,2
978393,2013,2
978393,2014,2
978393,2015,2
978393,2016,2
978393,2017,2
978415,2023,2
978415,2024,2
978435,2008,2
978544,2016,2
978544,2017,2
978598,2024,2
978639,2018,2
978639,2019,2
978639,2020,2
978639,2021,2
978639,2022,2
978639,2023,2
978639,2024,2
978641,2008,2
978641,2009,2
978641,2010,2
978641,2011,2
978641,2012,2
978641,2013,2
978641,2014,2
978641,2015,2
978641,2016,2
978641,2017,2
978641,2018,2
978641,2019,2
978641,2020,2
978641,2021,2
978641,2022,2
978641,2023,2
978641,2024,2
978840,2010,2
978844,2012,2
978844,2013,2
978844,2014,2
978844,2015,2
978844,2016,2
978844,2017,2
978844,2018,2
978849,2008,2
978849,2009,2
978849,2010,2
978849,2011,2
978849,2012,2
978849,2013,2
978925,2010,2
978925,2011,2
978925,2012,2
978925,2013,2
978925,2014,2
978925,2015,2
978925,2016,2
978925,2017,2
978925,2018,2
978925,2019,2
978925,2020,2
978925,2021,2
978925,2022,2
978925,2023,2
978925,2024,2
978932,2021,2
978932,2022,2
978932,2023,2
978932,2024,2
979046,2009,2
979046,2010,2
979046,2011,2
979046,2012,2
979046,2013,2
979046,2014,2
979046,2015,2
979046,2016,2
979052,2009,2
979052,2010,2
979052,2011,2
979052,2012,2
979052,2013,2
979052,2014,2
979052,2015,2
979052,2016,2
979052,2017,2
979052,2018,2
979052,2019,2
979052,2020,2
979052,2021,2
979052,2022,2
979052,2023,2
979052,2024,2
979083,2017,2
979083,2018,2
979083,2019,2
979083,2020,2
979083,2021,2
979083,2022,2
979083,2023,2
979130,2008,2
979130,2009,2
979130,2010,2
979130,2011,2
979130,2012,2
979130,2013,2
979130,2014,2
979130,2015,2
979130,2016,2
979130,2017,2
979130,2018,2
979130,2019,2
979130,2020,2
979130,2021,2
979130,2022,2
979130,2023,2
979144,2022,2
979144,2023,2
979147,2008,2
979147,2009,2
979147,2010,2
979147,2011,2
979147,2012,2
979147,2013,2
979147,2014,2
979147,2015,2
979147,2016,2
979147,2017,2
979147,2018,2
979147,2019,2
979147,2020,2
979147,2021,2
979147,2022,2
979147,2023,2
979147,2024,2
979152,2008,2
979152,2009,2
979152,2010,2
979152,2011,2
979152,2012,2
979152,2013,2
979152,2014,2
979152,2015,2
979165,2023,2
979165,2024,2
979172,2008,2
979172,2009,2
979172,2010,2
979172,2011,2
979172,2012,2
979172,2013,2
979172,2014,2
979172,2015,2
979172,2016,2
979172,2017,2
979172,2018,2
979199,2023,2
979199,2024,2
979227,2009,2
979227,2010,2
979230,2018,2
979230,2019,2
979230,2020,2
979230,2021,2
979230,2022,2
979317,2015,2
979317,2016,2
979317,2017,2
979317,2018,2
979317,2019,2
979317,2020,2
979317,2021,2
979345,2009,2
979345,2010,2
979345,2011,2
979345,2012,2
979345,2013,2
979345,2014,2
979345,2015,2
979345,2016,2
979345,2017,2
979345,2018,2
979345,2019,2
979345,2020,2
979345,2021,2
979345,2022,2
979345,2023,2
979345,2024,2
979464,2015,2
979505,2019,2
979505,2020,2
979505,2021,2
979505,2022,2
979505,2023,2
979505,2024,2
979584,2008,2
979584,2009,2
979584,2010,2
979584,2011,2
979584,2012,2
979584,2013,2
979584,2014,2
979584,2015,2
979584,2016,2
979584,2017,2
979584,2018,2
979584,2019,2
979584,2020,2
979584,2021,2
979584,2022,2
979584,2023,2
979584,2024,2
979616,2017,2
979663,2016,2
979663,2017,2
979663,2018,2
979663,2019,2
979663,2020,2
979740,2015,2
979740,2016,2
979740,2017,2
979740,2018,2
979740,2019,2
979740,2020,2
979740,2021,2
979740,2022,2
979740,2023,2
979740,2024,2
979787,2008,2
979787,2009,2
979787,2010,2
979787,2011,2
979787,2012,2
979787,2013,2
979787,2014,2
979787,2015,2
979787,2016,2
979787,2017,2
979787,2018,2
979787,2019,2
979787,2020,2
979787,2021,2
979787,2022,2
979787,2023,2
979787,2024,2
979887,2017,2
979887,2018,2
979887,2019,2
979932,2008,2
979932,2009,2
979932,2010,2
979932,2015,2
979932,2016,2
979932,2017,2
979932,2018,2
979932,2019,2
979932,2020,2
979932,2021,2
979932,2022,2
980013,2008,2
980013,2009,2
980013,2010,2
980013,2011,2
980013,2012,2
980013,2013,2
980013,2014,2
980013,2015,2
980013,2016,2
980013,2017,2
980013,2018,2
980013,2019,2
980013,2020,2
980013,2021,2
980013,2022,2
980013,2023,2
980013,2024,2
980052,2015,2
980052,2016,2
980052,2017,2
980052,2018,2
980052,2019,2
980052,2020,2
980052,2021,2
980052,2022,2
980052,2023,2
980052,2024,2
980251,2009,2
980251,2014,2
980650,2008,2
980650,2009,2
980650,2010,2
980650,2011,2
980650,2012,2
980650,2013,2
980650,2014,2
980650,2015,2
980650,2016,2
980650,2017,2
980650,2018,2
980650,2019,2
980650,2020,2
980650,2021,2
980650,2022,2
980650,2023,2
980650,2024,2
980662,2008,2
980665,2008,2
980665,2009,2
980665,2010,2
980665,2011,2
980665,2012,2
980665,2013,2
980665,2014,2
980665,2023,2
980665,2024,2
980755,2008,2
980755,2009,2
980755,2011,2
980755,2012,2
980755,2013,2
980755,2014,2
980755,2015,2
980755,2016,2
980755,2017,2
980755,2018,2
980755,2019,2
980755,2020,2
980755,2021,2
980755,2022,2
980755,2023,2
980755,2024,2
980778,2012,2
980778,2013,2
980778,2014,2
980778,2015,2
980778,2016,2
980857,2009,2
980857,2010,2
980857,2011,2
980857,2012,2
980857,2013,2
980857,2014,2
980857,2015,2
980857,2016,2
980857,2017,2
980857,2018,2
980907,2008,2
980907,2009,2
980907,2010,2
980907,2011,2
980908,2012,2
980908,2013,2
980908,2014,2
980908,2015,2
980908,2016,2
980908,2017,2
980908,2018,2
980911,2008,2
980911,2009,2
980911,2010,2
980911,2011,2
980911,2012,2
980911,2013,2
980911,2014,2
980911,2017,2
980911,2018,2
980911,2019,2
980911,2020,2
980911,2021,2
980911,2022,2
980911,2023,2
980911,2024,2
980913,2008,2
980913,2009,2
980913,2010,2
980913,2011,2
980913,2012,2
980955,2020,2
980955,2021,2
980955,2022,2
980955,2023,2
980955,2024,2
981025,2008,2
981025,2009,2
981025,2010,2
981025,2011,2
981025,2012,2
981025,2013,2
981025,2014,2
981025,2015,2
981025,2016,2
981025,2017,2
981025,2018,2
981025,2019,2
981025,2020,2
981025,2021,2
981025,2022,2
981025,2023,2
981025,2024,2
981133,2008,2
981133,2009,2
981133,2010,2
981133,2011,2
981133,2012,2
981133,2013,2
981260,2008,2
981585,2021,2
981585,2022,2
981585,2023,2
981585,2024,2
981647,2015,2
981647,2016,2
981648,2008,2
981648,2009,2
981648,2010,2
981648,2011,2
981648,2012,2
981648,2013,2
981648,2014,2
981648,2015,2
981648,2016,2
981658,2022,2
981658,2023,2
981658,2024,2
981666,2011,2
981666,2012,2
981666,2013,2
981666,2014,2
981666,2015,2
981666,2016,2
981666,2017,2
981666,2018,2
981666,2019,2
981666,2020,2
981666,2021,2
981666,2022,2
981666,2023,2
981666,2024,2
981704,2011,2
981704,2012,2
981704,2013,2
981704,2014,2
981704,2015,2
981704,2016,2
981704,2017,2
981704,2018,2
981704,2019,2
981704,2020,2
981704,2021,2
981704,2022,2
981704,2023,2
981704,2024,2
981710,2009,2
981710,2010,2
981710,2011,2
981710,2012,2
981710,2013,2
981710,2014,2
981710,2015,2
981710,2016,2
981710,2017,2
981808,2010,2
981808,2011,2
981808,2012,2
982033,2008,2
982033,2009,2
982033,2010,2
982033,2011,2
982046,2009,2
982046,2010,2
982046,2011,2
982046,2012,2
982046,2013,2
982046,2014,2
982064,2014,2
982064,2015,2
982064,2016,2
982064,2017,2
982064,2018,2
982064,2019,2
982064,2020,2
982064,2021,2
982064,2022,2
982064,2023,2
982064,2024,2
982069,2008,2
982069,2009,2
982069,2010,2
982069,2011,2
982069,2012,2
982069,2013,2
982085,2008,2
982085,2009,2
982085,2010,2
982085,2011,2
982085,2012,2
982085,2013,2
982085,2014,2
982085,2015,2
982085,2016,2
982085,2017,2
982085,2018,2
982085,2019,2
982085,2020,2
982086,2008,2
982086,2009,2
982086,2010,2
982086,2011,2
982086,2012,2
982086,2013,2
982086,2014,2
982094,2022,2
982094,2023,2
982097,2008,2
982097,2009,2
982097,2010,2
982097,2011,2
982097,2012,2
982097,2013,2
982097,2014,2
982097,2015,2
982097,2016,2
982097,2017,2
982097,2018,2
982097,2019,2
982097,2020,2
982097,2021,2
982097,2022,2
982097,2023,2
982097,2024,2
982101,2008,2
982101,2009,2
982101,2010,2
982101,2018,2
982101,2019,2
982101,2020,2
982101,2021,2
982101,2022,2
982101,2023,2
982101,2024,2
982117,2008,2
982117,2009,2
982117,2010,2
982117,2011,2
982117,2012,2
982117,2013,2
982117,2014,2
982117,2015,2
982117,2016,2
982117,2017,2
982117,2018,2
982117,2019,2
982117,2020,2
982117,2021,2
982117,2022,2
982117,2023,2
982117,2024,2
982123,2008,2
982123,2009,2
982123,2010,2
982123,2011,2
982123,2012,2
982123,2013,2
982134,2008,2
982134,2009,2
982137,2023,2
982137,2024,2
982138,2008,2
982138,2009,2
982138,2010,2
982138,2011,2
982138,2012,2
982138,2013,2
982138,2014,2
982138,2015,2
982145,2008,2
982145,2009,2
982145,2010,2
982145,2014,2
982145,2015,2
982145,2016,2
982145,2017,2
982145,2018,2
982145,2019,2
982145,2020,2
982145,2021,2
982145,2022,2
982145,2023,2
982172,2008,2
982172,2009,2
982172,2010,2
982172,2011,2
982172,2012,2
982172,2013,2
982172,2014,2
982172,2015,2
982172,2016,2
982172,2017,2
982172,2018,2
982172,2019,2
982172,2020,2
982172,2021,2
982172,2022,2
982172,2023,2
982176,2013,2
982176,2014,2
982176,2015,2
982176,2016,2
982176,2017,2
982176,2018,2
982177,2008,2
982177,2009,2
982177,2010,2
982177,2011,2
982191,2009,2
982191,2010,2
982191,2011,2
982191,2012,2
982191,2013,2
982191,2014,2
982191,2015,2
982191,2016,2
982191,2017,2
982191,2018,2
982191,2019,2
982191,2020,2
982191,2021,2
982191,2022,2
982191,2023,2
982191,2024,2
982198,2008,2
982198,2009,2
982198,2010,2
982198,2011,2
982274,2014,2
982274,2015,2
982274,2016,2
982274,2017,2
982336,2009,2
982336,2010,2
982336,2011,2
982385,2016,2
982385,2017,2
982400,2016,2
982400,2017,2
982400,2018,2
982435,2010,2
982435,2011,2
982435,2012,2
982435,2013,2
982435,2014,2
982435,2015,2
982435,2016,2
982435,2017,2
982435,2018,2
982435,2019,2
982435,2020,2
982435,2021,2
982435,2022,2
982473,2015,2
982473,2016,2
982473,2017,2
982473,2018,2
982473,2019,2
982473,2020,2
982473,2021,2
982473,2022,2
982473,2023,2
982473,2024,2
982495,2008,2
982495,2009,2
982495,2010,2
982495,2011,2
982495,2012,2
982507,2015,2
982507,2016,2
982507,2017,2
982507,2018,2
982507,2019,2
982507,2020,2
982507,2021,2
982507,2022,2
982507,2023,2
982507,2024,2
982523,2024,2
982551,2017,2
982662,2019,2
982682,2008,2
982682,2009,2
982682,2010,2
982682,2011,2
982682,2012,2
982682,2013,2
982682,2015,2
982682,2016,2
982689,2014,2
982689,2015,2
982689,2016,2
982689,2017,2
982689,2018,2
982689,2019,2
982689,2020,2
982689,2021,2
982689,2022,2
982689,2023,2
982689,2024,2
982887,2020,2
982887,2021,2
982887,2022,2
982887,2023,2
982887,2024,2
982989,2011,2
982989,2012,2
982989,2013,2
982989,2014,2
982989,2015,2
982989,2016,2
983304,2008,2
983304,2009,2
983304,2010,2
983304,2011,2
983310,2012,2
983310,2013,2
983310,2014,2
983310,2015,2
983310,2016,2
983310,2017,2
983310,2018,2
983310,2019,2
983310,2020,2
983310,2021,2
983310,2022,2
983310,2023,2
983310,2024,2
983422,2012,2
983422,2013,2
983422,2014,2
983422,2015,2
983422,2016,2
983422,2017,2
983422,2018,2
983422,2019,2
983440,2010,2
983440,2011,2
983440,2012,2
983440,2013,2
983440,2014,2
983440,2015,2
983440,2016,2
983440,2017,2
983440,2018,2
983440,2019,2
983440,2020,2
983440,2021,2
983440,2022,2
983440,2023,2
983440,2024,2
983655,2014,2
983655,2017,2
983655,2018,2
983655,2019,2
983655,2020,2
983655,2021,2
983655,2022,2
983655,2023,2
983655,2024,2
983793,2008,2
983793,2009,2
983793,2010,2
983793,2011,2
983793,2012,2
983793,2013,2
983829,2013,2
983829,2014,2
983829,2015,2
983829,2016,2
983829,2017,2
983829,2018,2
983829,2019,2
983829,2020,2
983829,2021,2
983829,2022,2
983829,2023,2
983829,2024,2
983830,2012,2
983830,2013,2
983830,2014,2
983830,2015,2
983901,2017,2
983901,2018,2
983901,2019,2
983901,2020,2
983901,2021,2
983901,2022,2
983901,2023,2
983901,2024,2
983949,2008,2
983949,2009,2
983949,2010,2
983949,2011,2
983949,2012,2
983949,2013,2
983949,2014,2
983949,2015,2
983949,2016,2
983949,2017,2
983949,2018,2
983949,2019,2
983949,2020,2
983949,2021,2
983949,2022,2
983949,2023,2
983949,2024,2
983962,2019,2
983962,2020,2
983962,2021,2
984014,2008,2
984014,2009,2
984014,2010,2
984014,2011,2
984014,2012,2
984014,2013,2
984014,2014,2
984014,2015,2
984014,2016,2
984014,2017,2
984014,2018,2
984014,2019,2
984014,2020,2
984014,2021,2
984014,2022,2
984014,2023,2
984014,2024,2
984025,2024,2
984067,2010,2
984067,2011,2
984067,2012,2
984067,2013,2
984067,2014,2
984067,2015,2
984067,2016,2
984067,2017,2
984067,2018,2
984067,2019,2
984067,2020,2
984067,2021,2
984067,2022,2
984067,2023,2
984067,2024,2
984070,2008,2
984070,2009,2
984070,2011,2
984086,2011,2
984086,2012,2
984086,2013,2
984086,2014,2
984086,2015,2
984086,2016,2
984086,2017,2
984086,2018,2
984086,2019,2
984086,2020,2
984086,2021,2
984086,2022,2
984086,2023,2
984086,2024,2
984091,2008,2
984091,2009,2
984091,2010,2
984091,2011,2
984091,2012,2
984091,2013,2
984091,2014,2
984091,2015,2
984091,2016,2
984091,2017,2
984091,2018,2
984091,2019,2
984091,2020,2
984091,2021,2
984091,2022,2
984091,2023,2
984091,2024,2
984109,2008,2
984109,2009,2
984109,2010,2
984109,2011,2
984109,2012,2
984109,2013,2
984109,2014,2
984109,2015,2
984109,2016,2
984109,2017,2
984109,2018,2
984365,2024,2
984369,2008,2
984369,2009,2
984369,2010,2
984369,2011,2
984473,2012,2
984473,2013,2
984473,2014,2
984473,2015,2
984473,2016,2
984473,2017,2
984473,2018,2
984473,2019,2
984473,2020,2
984473,2021,2
984473,2022,2
984473,2023,2
984473,2024,2
984512,2012,2
984512,2013,2
984512,2014,2
984512,2015,2
984512,2016,2
984512,2017,2
984515,2011,2
984515,2012,2
984515,2013,2
984515,2014,2
984515,2015,2
984515,2016,2
984515,2017,2
984533,2008,2
984533,2009,2
984533,2010,2
984533,2011,2
984533,2012,2
984533,2013,2
984533,2014,2
984533,2015,2
984533,2016,2
984533,2017,2
984533,2018,2
984533,2019,2
984533,2020,2
984533,2021,2
984533,2022,2
984533,2023,2
984533,2024,2
984831,2014,2
984831,2015,2
984831,2016,2
984831,2017,2
984831,2018,2
984831,2019,2
984831,2020,2
984831,2021,2
984831,2022,2
984831,2023,2
984831,2024,2
984862,2008,2
984862,2009,2
984862,2010,2
985153,2024,2
985212,2012,2
985212,2013,2
985212,2014,2
985212,2015,2
985212,2016,2
985212,2017,2
985212,2018,2
986082,2008,2
986082,2009,2
986082,2010,2
986082,2011,2
986082,2012,2
986082,2013,2
986082,2014,2
986082,2015,2
986082,2016,2
986082,2017,2
986082,2018,2
986082,2019,2
986082,2020,2
986082,2021,2
986082,2022,2
986082,2023,2
986082,2024,2
986168,2018,2
986168,2019,2
986168,2020,2
986168,2021,2
986168,2022,2
986168,2023,2
986168,2024,2
986191,2008,2
986191,2009,2
986254,2008,2
986285,2008,2
986285,2009,2
986285,2010,2
986285,2011,2
986285,2012,2
986285,2024,2
986301,2008,2
986301,2009,2
986301,2010,2
986301,2011,2
986301,2012,2
986301,2013,2
986301,2014,2
986301,2015,2
986301,2016,2
986301,2017,2
986301,2018,2
986301,2019,2
986301,2020,2
986301,2021,2
986301,2022,2
986302,2012,2
986337,2021,2
986337,2022,2
986337,2023,2
986337,2024,2
986338,2008,2
986338,2009,2
986338,2010,2
986338,2011,2
986356,2008,2
986356,2009,2
986356,2010,2
986356,2011,2
986356,2012,2
986356,2013,2
986356,2014,2
986356,2015,2
986356,2016,2
986356,2017,2
986356,2018,2
986356,2019,2
986356,2020,2
986356,2021,2
986356,2022,2
986356,2023,2
986356,2024,2
986464,2012,2
986464,2013,2
986464,2014,2
986464,2015,2
986464,2016,2
986464,2017,2
986464,2018,2
986464,2019,2
986464,2020,2
986464,2021,2
986464,2022,2
986464,2023,2
986464,2024,2
986484,2013,2
986484,2014,2
986484,2015,2
986484,2016,2
986484,2017,2
986484,2018,2
986484,2019,2
986484,2020,2
986484,2021,2
986484,2022,2
986484,2023,2
986484,2024,2
986538,2021,2
986538,2022,2
986538,2023,2
986538,2024,2
986539,2009,2
986539,2010,2
986539,2011,2
986539,2012,2
986539,2013,2
986539,2014,2
986539,2015,2
986539,2016,2
986539,2017,2
986539,2018,2
986539,2019,2
986539,2020,2
986539,2021,2
986539,2022,2
986539,2023,2
986539,2024,2
986575,2010,2
986575,2011,2
986592,2008,2
986659,2017,2
986659,2018,2
986659,2019,2
986659,2020,2
986659,2021,2
986666,2008,2
986666,2009,2
986666,2010,2
986669,2008,2
986677,2008,2
986677,2009,2
986677,2010,2
986677,2011,2
986677,2012,2
986677,2013,2
986677,2014,2
986678,2008,2
986678,2009,2
986678,2010,2
986757,2008,2
986757,2009,2
986757,2010,2
986757,2011,2
986757,2012,2
986757,2013,2
986757,2014,2
986757,2015,2
986757,2016,2
986757,2017,2
986757,2018,2
986757,2019,2
986757,2020,2
986757,2021,2
986757,2022,2
986757,2023,2
986757,2024,2
986881,2008,2
986881,2009,2
986881,2010,2
986881,2011,2
986881,2012,2
986881,2013,2
986881,2014,2
986881,2015,2
986882,2008,2
986882,2009,2
986882,2010,2
986882,2011,2
986882,2012,2
986882,2013,2
986882,2014,2
986882,2015,2
986882,2016,2
986882,2017,2
986882,2018,2
986882,2019,2
986882,2020,2
986882,2021,2
986882,2022,2
986882,2023,2
986882,2024,2
987001,2008,2
987001,2009,2
987001,2010,2
987001,2011,2
987001,2012,2
987001,2013,2
987001,2014,2
987001,2015,2
987001,2016,2
987001,2017,2
987001,2018,2
987001,2019,2
987001,2020,2
987001,2021,2
987001,2022,2
987001,2023,2
987001,2024,2
987003,2019,2
987003,2020,2
987003,2021,2
987003,2022,2
987003,2023,2
987003,2024,2
987010,2008,2
987010,2009,2
987259,2019,2
987259,2020,2
987259,2021,2
987259,2022,2
987574,2016,2
987574,2017,2
987574,2018,2
987574,2019,2
987574,2020,2
987574,2021,2
987574,2022,2
987574,2023,2
987574,2024,2
987645,2008,2
987645,2009,2
987645,2010,2
987645,2011,2
987645,2012,2
987645,2013,2
987645,2014,2
987645,2015,2
987645,2016,2
987645,2017,2
987645,2018,2
987645,2019,2
987645,2020,2
987645,2021,2
987645,2022,2
987645,2023,2
987645,2024,2
