NORDEMP,n_anios,anio_min,anio_max,anios_observados_txt,anios_faltantes_txt
141302,3,2020,2024,"2020,2023,2024","2021,2022"
141313,4,2020,2024,"2020,2021,2023,2024",2022
141366,5,2019,2024,"2019,2020,2022,2023,2024",2021
141420,5,2018,2024,"2018,2019,2020,2023,2024","2021,2022"
141425,3,2018,2022,"2018,2021,2022","2019,2020"
141476,7,2017,2024,"2017,2018,2019,2020,2021,2022,2024",2023
141557,8,2016,2024,"2016,2017,2018,2019,2020,2021,2023,2024",2022
141603,5,2016,2021,"2016,2017,2018,2019,2021",2020
141606,6,2016,2023,"2016,2017,2018,2021,2022,2023","2019,2020"
141651,8,2016,2024,"2016,2017,2018,2019,2021,2022,2023,2024",2020
141659,6,2016,2024,"2016,2017,2018,2019,2023,2024","2020,2021,2022"
141700,8,2016,2024,"2016,2017,2018,2019,2020,2022,2023,2024",2021
141755,4,2016,2020,"2016,2017,2018,2020",2019
141795,6,2016,2022,"2016,2017,2018,2019,2021,2022",2020
141824,7,2015,2023,"2015,2016,2018,2019,2020,2021,2023","2017,2022"
141829,9,2015,2024,"2015,2016,2018,2019,2020,2021,2022,2023,2024",2017
141940,11,2013,2024,"2013,2014,2015,2016,2018,2019,2020,2021,2022,2023,2024",2017
141946,10,2013,2023,"2013,2014,2016,2017,2018,2019,2020,2021,2022,2023",2015
141968,7,2013,2020,"2013,2014,2015,2016,2017,2019,2020",2018
141973,4,2013,2018,"2013,2014,2017,2018","2015,2016"
141975,8,2013,2024,"2013,2014,2015,2016,2017,2018,2019,2024","2020,2021,2022,2023"
142118,2,2014,2016,"2014,2016",2015
142152,3,2013,2016,"2013,2015,2016",2014
142350,13,2011,2024,"2011,2012,2014,2015,2016,2017,2018,2019,2020,2021,2022,2023,2024",2013
142371,12,2010,2024,"2010,2011,2012,2013,2014,2015,2016,2017,2018,2019,2023,2024","2020,2021,2022"
142398,3,2011,2014,"2011,2013,2014",2012
142419,14,2010,2024,"2010,2011,2012,2013,2014,2015,2016,2017,2018,2020,2021,2022,2023,2024",2019
142442,14,2010,2024,"2010,2011,2012,2013,2014,2015,2016,2017,2018,2019,2020,2021,2023,2024",2022
142481,13,2010,2024,"2010,2013,2014,2015,2016,2017,2018,2019,2020,2021,2022,2023,2024","2011,2012"
142523,4,2010,2015,"2010,2011,2012,2015","2013,2014"
142528,2,2013,2015,"2013,2015",2014
142532,9,2010,2019,"2010,2011,2012,2014,2015,2016,2017,2018,2019",2013
142537,14,2010,2024,"2010,2011,2012,2013,2014,2015,2017,2018,2019,2020,2021,2022,2023,2024",2016
142549,14,2010,2024,"2010,2011,2012,2013,2015,2016,2017,2018,2019,2020,2021,2022,2023,2024",2014
142567,13,2010,2024,"2010,2011,2012,2013,2014,2015,2016,2017,2018,2021,2022,2023,2024","2019,2020"
142572,14,2010,2024,"2010,2011,2012,2013,2014,2015,2016,2017,2018,2019,2021,2022,2023,2024",2020
142657,13,2010,2024,"2010,2011,2012,2013,2014,2015,2016,2017,2018,2019,2020,2021,2024","2022,2023"
142659,13,2010,2024,"2010,2011,2012,2013,2014,2015,2016,2017,2018,2019,2020,2021,2024","2022,2023"
142671,3,2010,2014,"2010,2011,2014","2012,2013"
142697,14,2010,2024,"2010,2011,2013,2014,2015,2016,2017,2018,2019,2020,2021,2022,2023,2024",2012
142734,4,2012,2017,"2012,2013,2014,2017","2015,2016"
142753,6,2010,2016,"2010,2011,2012,2013,2014,2016",2015
142754,11,2010,2024,"2010,2011,2012,2013,2014,2015,2016,2017,2018,2023,2024","2019,2020,2021,2022"
142761,12,2011,2024,"2011,2012,2014,2015,2016,2017,2018,2020,2021,2022,2023,2024","2013,2019"
142763,14,2010,2024,"2010,2011,2012,2014,2015,2016,2017,2018,2019,2020,2021,2022,2023,2024",2013
142765,9,2010,2024,"2010,2011,2012,2019,2020,2021,2022,2023,2024","2013,2014,2015,2016,2017,2018"
142766,14,2010,2024,"2010,2011,2012,2013,2014,2015,2017,2018,2019,2020,2021,2022,2023,2024",2016
142791,5,2011,2016,"2011,2012,2013,2015,2016",2014
142841,13,2010,2023,"2010,2011,2012,2013,2014,2015,2016,2017,2019,2020,2021,2022,2023",2018
142867,12,2010,2022,"2010,2011,2012,2013,2014,2015,2016,2018,2019,2020,2021,2022",2017
142876,6,2010,2016,"2010,2011,2012,2014,2015,2016",2013
142878,13,2010,2024,"2010,2013,2014,2015,2016,2017,2018,2019,2020,2021,2022,2023,2024","2011,2012"
142900,14,2010,2024,"2010,2011,2012,2013,2014,2015,2016,2018,2019,2020,2021,2022,2023,2024",2017
142904,2,2011,2014,"2011,2014","2012,2013"
142916,13,2010,2024,"2010,2011,2012,2013,2014,2015,2016,2017,2018,2019,2020,2021,2024","2022,2023"
142917,12,2010,2024,"2010,2012,2015,2016,2017,2018,2019,2020,2021,2022,2023,2024","2011,2013,2014"
142982,7,2013,2021,"2013,2016,2017,2018,2019,2020,2021","2014,2015"
142987,13,2011,2024,"2011,2012,2013,2014,2016,2017,2018,2019,2020,2021,2022,2023,2024",2015
143007,11,2010,2024,"2010,2011,2012,2013,2014,2015,2016,2017,2018,2023,2024","2019,2020,2021,2022"
143026,3,2012,2016,"2012,2013,2016","2014,2015"
143030,14,2010,2024,"2010,2011,2012,2014,2015,2016,2017,2018,2019,2020,2021,2022,2023,2024",2013
143032,14,2010,2024,"2010,2011,2013,2014,2015,2016,2017,2018,2019,2020,2021,2022,2023,2024",2012
143033,11,2010,2021,"2010,2011,2012,2013,2014,2015,2016,2018,2019,2020,2021",2017
143043,8,2010,2018,"2010,2012,2013,2014,2015,2016,2017,2018",2011
143060,4,2010,2014,"2010,2011,2012,2014",2013
143070,14,2010,2024,"2010,2011,2012,2013,2015,2016,2017,2018,2019,2020,2021,2022,2023,2024",2014
143093,12,2010,2022,"2010,2011,2012,2013,2015,2016,2017,2018,2019,2020,2021,2022",2014
143125,13,2010,2024,"2010,2011,2014,2015,2016,2017,2018,2019,2020,2021,2022,2023,2024","2012,2013"
143138,14,2010,2024,"2010,2011,2013,2014,2015,2016,2017,2018,2019,2020,2021,2022,2023,2024",2012
143142,14,2010,2024,"2010,2011,2012,2014,2015,2016,2017,2018,2019,2020,2021,2022,2023,2024",2013
143147,4,2011,2015,"2011,2013,2014,2015",2012
143148,2,2011,2013,"2011,2013",2012
143157,4,2010,2014,"2010,2012,2013,2014",2011
143178,12,2010,2022,"2010,2011,2012,2013,2014,2015,2016,2017,2018,2020,2021,2022",2019
143181,2,2010,2013,"2010,2013","2011,2012"
143186,13,2011,2024,"2011,2013,2014,2015,2016,2017,2018,2019,2020,2021,2022,2023,2024",2012
143200,4,2010,2014,"2010,2011,2012,2014",2013
143207,14,2010,2024,"2010,2011,2013,2014,2015,2016,2017,2018,2019,2020,2021,2022,2023,2024",2012
143230,14,2010,2024,"2010,2011,2012,2013,2014,2015,2017,2018,2019,2020,2021,2022,2023,2024",2016
143231,5,2010,2015,"2010,2012,2013,2014,2015",2011
143249,4,2011,2015,"2011,2013,2014,2015",2012
143252,13,2010,2024,"2010,2011,2012,2013,2014,2015,2016,2017,2018,2019,2020,2021,2024","2022,2023"
143253,12,2010,2024,"2010,2011,2012,2013,2014,2015,2016,2017,2018,2019,2023,2024","2020,2021,2022"
143255,10,2010,2020,"2010,2012,2013,2014,2015,2016,2017,2018,2019,2020",2011
143266,6,2010,2017,"2010,2012,2013,2014,2016,2017","2011,2015"
143303,14,2010,2024,"2010,2012,2013,2014,2015,2016,2017,2018,2019,2020,2021,2022,2023,2024",2011
143368,12,2010,2024,"2010,2011,2013,2014,2015,2016,2017,2018,2021,2022,2023,2024","2012,2019,2020"
143408,12,2010,2024,"2010,2011,2012,2013,2014,2015,2016,2017,2018,2019,2020,2024","2021,2022,2023"
143434,14,2010,2024,"2010,2011,2012,2013,2014,2016,2017,2018,2019,2020,2021,2022,2023,2024",2015
143446,5,2010,2015,"2010,2012,2013,2014,2015",2011
143451,2,2010,2013,"2010,2013","2011,2012"
143458,6,2010,2016,"2010,2011,2012,2014,2015,2016",2013
143487,5,2010,2016,"2010,2011,2012,2013,2016","2014,2015"
143500,9,2011,2020,"2011,2013,2014,2015,2016,2017,2018,2019,2020",2012
143551,5,2010,2015,"2010,2011,2013,2014,2015",2012
143571,5,2010,2015,"2010,2012,2013,2014,2015",2011
143576,10,2010,2021,"2010,2011,2012,2013,2015,2016,2017,2018,2020,2021","2014,2019"
143578,10,2010,2021,"2010,2011,2012,2015,2016,2017,2018,2019,2020,2021","2013,2014"
143582,3,2010,2013,"2010,2011,2013",2012
143600,10,2010,2024,"2010,2011,2012,2013,2014,2015,2018,2022,2023,2024","2016,2017,2019,2020,2021"
143638,13,2010,2024,"2010,2011,2014,2015,2016,2017,2018,2019,2020,2021,2022,2023,2024","2012,2013"
143641,14,2010,2024,"2010,2012,2013,2014,2015,2016,2017,2018,2019,2020,2021,2022,2023,2024",2011
143649,14,2010,2024,"2010,2011,2012,2013,2014,2016,2017,2018,2019,2020,2021,2022,2023,2024",2015
143658,14,2010,2024,"2010,2012,2013,2014,2015,2016,2017,2018,2019,2020,2021,2022,2023,2024",2011
143673,8,2010,2018,"2010,2011,2012,2013,2014,2015,2016,2018",2017
143716,14,2010,2024,"2010,2011,2012,2013,2014,2015,2016,2017,2019,2020,2021,2022,2023,2024",2018
143767,13,2011,2024,"2011,2012,2014,2015,2016,2017,2018,2019,2020,2021,2022,2023,2024",2013
143769,14,2010,2024,"2010,2011,2012,2013,2014,2016,2017,2018,2019,2020,2021,2022,2023,2024",2015
143819,5,2012,2018,"2012,2013,2014,2015,2018","2016,2017"
143829,9,2010,2019,"2010,2012,2013,2014,2015,2016,2017,2018,2019",2011
143831,2,2010,2012,"2010,2012",2011
143876,4,2010,2014,"2010,2012,2013,2014",2011
143887,11,2010,2022,"2010,2011,2012,2013,2014,2015,2016,2017,2020,2021,2022","2018,2019"
143957,15,2009,2024,"2009,2010,2011,2012,2013,2014,2016,2017,2018,2019,2020,2021,2022,2023,2024",2015
143989,6,2009,2015,"2009,2010,2012,2013,2014,2015",2011
143990,11,2009,2021,"2009,2010,2011,2014,2015,2016,2017,2018,2019,2020,2021","2012,2013"
143999,4,2009,2014,"2009,2010,2013,2014","2011,2012"
144001,7,2009,2016,"2009,2010,2011,2013,2014,2015,2016",2012
144002,4,2011,2016,"2011,2012,2013,2016","2014,2015"
144028,6,2009,2016,"2009,2010,2011,2012,2015,2016","2013,2014"
144033,15,2009,2024,"2009,2010,2011,2012,2013,2014,2016,2017,2018,2019,2020,2021,2022,2023,2024",2015
144045,13,2009,2023,"2009,2010,2011,2012,2013,2016,2017,2018,2019,2020,2021,2022,2023","2014,2015"
144046,10,2009,2019,"2009,2010,2011,2012,2013,2014,2016,2017,2018,2019",2015
144054,9,2009,2018,"2009,2010,2011,2012,2014,2015,2016,2017,2018",2013
144083,13,2009,2024,"2009,2010,2012,2013,2014,2015,2016,2017,2018,2019,2020,2021,2024","2011,2022,2023"
144094,6,2009,2015,"2009,2010,2011,2013,2014,2015",2012
144126,14,2009,2023,"2009,2010,2011,2012,2013,2014,2015,2016,2017,2018,2019,2020,2022,2023",2021
144157,14,2010,2024,"2010,2011,2013,2014,2015,2016,2017,2018,2019,2020,2021,2022,2023,2024",2012
144163,8,2009,2017,"2009,2011,2012,2013,2014,2015,2016,2017",2010
144176,15,2009,2024,"2009,2010,2011,2012,2013,2015,2016,2017,2018,2019,2020,2021,2022,2023,2024",2014
144178,15,2009,2024,"2009,2010,2011,2012,2013,2015,2016,2017,2018,2019,2020,2021,2022,2023,2024",2014
144196,10,2010,2024,"2010,2011,2012,2015,2016,2017,2018,2022,2023,2024","2013,2014,2019,2020,2021"
144198,6,2009,2015,"2009,2010,2011,2013,2014,2015",2012
144209,15,2009,2024,"2009,2010,2011,2013,2014,2015,2016,2017,2018,2019,2020,2021,2022,2023,2024",2012
144211,15,2009,2024,"2009,2010,2011,2012,2013,2014,2015,2016,2017,2018,2019,2020,2021,2022,2024",2023
144225,13,2009,2022,"2009,2011,2012,2013,2014,2015,2016,2017,2018,2019,2020,2021,2022",2010
144226,13,2009,2024,"2009,2010,2011,2012,2013,2014,2015,2016,2017,2018,2019,2023,2024","2020,2021,2022"
144239,4,2010,2015,"2010,2013,2014,2015","2011,2012"
144254,11,2009,2020,"2009,2010,2011,2012,2014,2015,2016,2017,2018,2019,2020",2013
144268,15,2009,2024,"2009,2011,2012,2013,2014,2015,2016,2017,2018,2019,2020,2021,2022,2023,2024",2010
144282,13,2010,2024,"2010,2013,2014,2015,2016,2017,2018,2019,2020,2021,2022,2023,2024","2011,2012"
144290,8,2009,2017,"2009,2010,2011,2013,2014,2015,2016,2017",2012
144307,7,2010,2017,"2010,2012,2013,2014,2015,2016,2017",2011
144319,8,2010,2019,"2010,2011,2012,2013,2014,2015,2018,2019","2016,2017"
144327,7,2009,2016,"2009,2010,2011,2012,2014,2015,2016",2013
144332,6,2009,2015,"2009,2010,2011,2013,2014,2015",2012
144362,15,2009,2024,"2009,2010,2011,2012,2013,2014,2016,2017,2018,2019,2020,2021,2022,2023,2024",2015
144369,4,2011,2015,"2011,2013,2014,2015",2012
144376,15,2009,2024,"2009,2011,2012,2013,2014,2015,2016,2017,2018,2019,2020,2021,2022,2023,2024",2010
144403,15,2009,2024,"2009,2010,2012,2013,2014,2015,2016,2017,2018,2019,2020,2021,2022,2023,2024",2011
144418,5,2009,2016,"2009,2010,2012,2013,2016","2011,2014,2015"
144455,15,2009,2024,"2009,2011,2012,2013,2014,2015,2016,2017,2018,2019,2020,2021,2022,2023,2024",2010
144474,15,2009,2024,"2009,2010,2012,2013,2014,2015,2016,2017,2018,2019,2020,2021,2022,2023,2024",2011
144479,14,2009,2024,"2009,2010,2011,2012,2013,2014,2015,2016,2017,2018,2019,2020,2021,2024","2022,2023"
144481,13,2009,2024,"2009,2010,2011,2012,2013,2014,2015,2016,2017,2018,2022,2023,2024","2019,2020,2021"
144507,14,2010,2024,"2010,2011,2012,2014,2015,2016,2017,2018,2019,2020,2021,2022,2023,2024",2013
144532,10,2009,2019,"2009,2010,2011,2013,2014,2015,2016,2017,2018,2019",2012
144538,14,2010,2024,"2010,2011,2013,2014,2015,2016,2017,2018,2019,2020,2021,2022,2023,2024",2012
144562,6,2009,2015,"2009,2010,2011,2013,2014,2015",2012
144588,15,2009,2024,"2009,2010,2011,2013,2014,2015,2016,2017,2018,2019,2020,2021,2022,2023,2024",2012
144593,6,2009,2015,"2009,2010,2011,2013,2014,2015",2012
144604,6,2009,2015,"2009,2011,2012,2013,2014,2015",2010
144607,9,2009,2019,"2009,2010,2011,2013,2014,2015,2017,2018,2019","2012,2016"
144609,3,2009,2013,"2009,2010,2013","2011,2012"
144614,14,2009,2024,"2009,2010,2011,2012,2013,2014,2015,2018,2019,2020,2021,2022,2023,2024","2016,2017"
144629,15,2009,2024,"2009,2010,2011,2012,2013,2014,2015,2016,2017,2018,2019,2020,2021,2023,2024",2022
144651,14,2010,2024,"2010,2011,2012,2014,2015,2016,2017,2018,2019,2020,2021,2022,2023,2024",2013
144652,15,2009,2024,"2009,2010,2011,2012,2013,2014,2015,2016,2017,2018,2019,2020,2021,2022,2024",2023
144663,15,2009,2024,"2009,2010,2012,2013,2014,2015,2016,2017,2018,2019,2020,2021,2022,2023,2024",2011
144666,13,2009,2022,"2009,2010,2011,2012,2013,2014,2015,2016,2017,2018,2020,2021,2022",2019
144685,5,2009,2015,"2009,2012,2013,2014,2015","2010,2011"
144742,6,2009,2016,"2009,2010,2012,2013,2015,2016","2011,2014"
144766,15,2009,2024,"2009,2010,2011,2012,2013,2014,2015,2016,2017,2018,2019,2020,2022,2023,2024",2021
144772,7,2010,2018,"2010,2011,2012,2013,2014,2015,2018","2016,2017"
144773,2,2010,2012,"2010,2012",2011
144780,3,2009,2013,"2009,2010,2013","2011,2012"
144831,15,2009,2024,"2009,2011,2012,2013,2014,2015,2016,2017,2018,2019,2020,2021,2022,2023,2024",2010
144839,12,2009,2024,"2009,2010,2011,2012,2013,2014,2015,2016,2017,2018,2019,2024","2020,2021,2022,2023"
144840,4,2009,2013,"2009,2011,2012,2013",2010
144845,14,2009,2023,"2009,2011,2012,2013,2014,2015,2016,2017,2018,2019,2020,2021,2022,2023",2010
144878,13,2009,2024,"2009,2010,2011,2012,2013,2014,2015,2016,2017,2021,2022,2023,2024","2018,2019,2020"
144884,15,2009,2024,"2009,2010,2011,2012,2013,2014,2015,2016,2018,2019,2020,2021,2022,2023,2024",2017
144946,15,2009,2024,"2009,2010,2011,2012,2013,2014,2015,2016,2018,2019,2020,2021,2022,2023,2024",2017
144961,7,2009,2017,"2009,2010,2013,2014,2015,2016,2017","2011,2012"
144967,6,2009,2015,"2009,2010,2011,2013,2014,2015",2012
144987,5,2009,2015,"2009,2010,2013,2014,2015","2011,2012"
145027,7,2009,2017,"2009,2010,2013,2014,2015,2016,2017","2011,2012"
145036,3,2009,2012,"2009,2010,2012",2011
145070,14,2010,2024,"2010,2011,2012,2013,2015,2016,2017,2018,2019,2020,2021,2022,2023,2024",2014
145090,14,2009,2023,"2009,2011,2012,2013,2014,2015,2016,2017,2018,2019,2020,2021,2022,2023",2010
145102,9,2009,2018,"2009,2010,2011,2013,2014,2015,2016,2017,2018",2012
145131,13,2009,2024,"2009,2010,2011,2012,2014,2015,2016,2017,2018,2021,2022,2023,2024","2013,2019,2020"
145155,14,2009,2024,"2009,2010,2011,2012,2013,2014,2015,2016,2017,2018,2019,2020,2023,2024","2021,2022"
145157,3,2009,2013,"2009,2010,2013","2011,2012"
145172,15,2009,2024,"2009,2010,2011,2012,2013,2015,2016,2017,2018,2019,2020,2021,2022,2023,2024",2014
145204,15,2009,2024,"2009,2010,2011,2012,2014,2015,2016,2017,2018,2019,2020,2021,2022,2023,2024",2013
145217,6,2009,2015,"2009,2010,2012,2013,2014,2015",2011
145242,10,2009,2020,"2009,2010,2011,2012,2013,2016,2017,2018,2019,2020","2014,2015"
145257,15,2009,2024,"2009,2010,2011,2012,2014,2015,2016,2017,2018,2019,2020,2021,2022,2023,2024",2013
145281,13,2010,2023,"2010,2011,2012,2013,2014,2015,2017,2018,2019,2020,2021,2022,2023",2016
145303,15,2009,2024,"2009,2011,2012,2013,2014,2015,2016,2017,2018,2019,2020,2021,2022,2023,2024",2010
145307,11,2009,2021,"2009,2010,2011,2012,2013,2016,2017,2018,2019,2020,2021","2014,2015"
145313,6,2009,2015,"2009,2010,2011,2013,2014,2015",2012
145336,9,2009,2018,"2009,2010,2011,2012,2014,2015,2016,2017,2018",2013
145360,8,2009,2017,"2009,2010,2011,2013,2014,2015,2016,2017",2012
145386,13,2009,2022,"2009,2010,2011,2012,2013,2014,2015,2016,2017,2018,2019,2020,2022",2021
145420,14,2009,2024,"2009,2010,2011,2012,2013,2014,2017,2018,2019,2020,2021,2022,2023,2024","2015,2016"
145428,14,2009,2024,"2009,2010,2013,2014,2015,2016,2017,2018,2019,2020,2021,2022,2023,2024","2011,2012"
145439,5,2009,2015,"2009,2011,2013,2014,2015","2010,2012"
145444,14,2009,2024,"2009,2012,2013,2014,2015,2016,2017,2018,2019,2020,2021,2022,2023,2024","2010,2011"
145453,2,2009,2013,"2009,2013","2010,2011,2012"
145461,12,2009,2021,"2009,2010,2011,2013,2014,2015,2016,2017,2018,2019,2020,2021",2012
145479,8,2010,2018,"2010,2011,2012,2013,2014,2016,2017,2018",2015
145493,15,2009,2024,"2009,2010,2011,2012,2013,2014,2015,2017,2018,2019,2020,2021,2022,2023,2024",2016
145531,15,2009,2024,"2009,2010,2011,2012,2013,2014,2015,2016,2017,2018,2020,2021,2022,2023,2024",2019
145593,3,2009,2012,"2009,2011,2012",2010
145660,13,2009,2023,"2009,2010,2011,2012,2013,2014,2015,2016,2017,2018,2019,2022,2023","2020,2021"
145722,13,2009,2023,"2009,2010,2011,2012,2013,2014,2015,2016,2017,2018,2019,2022,2023","2020,2021"
145767,7,2009,2017,"2009,2010,2013,2014,2015,2016,2017","2011,2012"
145768,14,2009,2024,"2009,2010,2011,2012,2013,2015,2016,2017,2018,2020,2021,2022,2023,2024","2014,2019"
145769,6,2010,2016,"2010,2011,2012,2013,2014,2016",2015
145779,14,2009,2024,"2009,2010,2011,2012,2013,2016,2017,2018,2019,2020,2021,2022,2023,2024","2014,2015"
145799,14,2009,2024,"2009,2010,2011,2012,2015,2016,2017,2018,2019,2020,2021,2022,2023,2024","2013,2014"
145807,6,2009,2015,"2009,2010,2011,2013,2014,2015",2012
145813,11,2009,2021,"2009,2010,2011,2014,2015,2016,2017,2018,2019,2020,2021","2012,2013"
145853,7,2009,2016,"2009,2010,2011,2012,2013,2014,2016",2015
145856,14,2009,2024,"2009,2010,2011,2014,2015,2016,2017,2018,2019,2020,2021,2022,2023,2024","2012,2013"
145865,15,2009,2024,"2009,2010,2011,2012,2014,2015,2016,2017,2018,2019,2020,2021,2022,2023,2024",2013
145869,14,2009,2024,"2009,2010,2011,2012,2013,2014,2015,2016,2017,2018,2021,2022,2023,2024","2019,2020"
145878,2,2009,2011,"2009,2011",2010
145882,14,2009,2024,"2009,2010,2011,2012,2013,2014,2015,2016,2017,2018,2019,2020,2021,2024","2022,2023"
145891,14,2009,2024,"2009,2010,2011,2012,2015,2016,2017,2018,2019,2020,2021,2022,2023,2024","2013,2014"
145917,15,2009,2024,"2009,2010,2011,2012,2014,2015,2016,2017,2018,2019,2020,2021,2022,2023,2024",2013
145959,5,2008,2013,"2008,2009,2011,2012,2013",2010
145969,4,2008,2012,"2008,2009,2010,2012",2011
145990,12,2008,2022,"2008,2012,2013,2014,2015,2016,2017,2018,2019,2020,2021,2022","2009,2010,2011"
146000,16,2008,2024,"2008,2009,2010,2012,2013,2014,2015,2016,2017,2018,2019,2020,2021,2022,2023,2024",2011
146009,16,2008,2024,"2008,2009,2011,2012,2013,2014,2015,2016,2017,2018,2019,2020,2021,2022,2023,2024",2010
146022,16,2008,2024,"2008,2009,2010,2011,2012,2013,2014,2015,2016,2017,2018,2020,2021,2022,2023,2024",2019
146025,13,2008,2022,"2008,2009,2012,2013,2014,2015,2016,2017,2018,2019,2020,2021,2022","2010,2011"
146034,4,2008,2015,"2008,2013,2014,2015","2009,2010,2011,2012"
146045,6,2008,2014,"2008,2009,2010,2011,2012,2014",2013
146052,16,2008,2024,"2008,2009,2011,2012,2013,2014,2015,2016,2017,2018,2019,2020,2021,2022,2023,2024",2010
146078,4,2008,2012,"2008,2009,2011,2012",2010
146103,7,2008,2015,"2008,2009,2010,2011,2013,2014,2015",2012
146108,8,2008,2017,"2008,2009,2010,2011,2013,2015,2016,2017","2012,2014"
146123,14,2008,2024,"2008,2009,2010,2014,2015,2016,2017,2018,2019,2020,2021,2022,2023,2024","2011,2012,2013"
146137,4,2008,2012,"2008,2009,2010,2012",2011
146156,16,2008,2024,"2008,2009,2010,2012,2013,2014,2015,2016,2017,2018,2019,2020,2021,2022,2023,2024",2011
146178,9,2008,2018,"2008,2009,2010,2011,2012,2013,2014,2015,2018","2016,2017"
146184,14,2008,2024,"2008,2009,2010,2011,2012,2013,2014,2015,2019,2020,2021,2022,2023,2024","2016,2017,2018"
146190,4,2008,2012,"2008,2009,2010,2012",2011
146194,16,2008,2024,"2008,2010,2011,2012,2013,2014,2015,2016,2017,2018,2019,2020,2021,2022,2023,2024",2009
146208,14,2008,2024,"2008,2009,2010,2011,2012,2013,2014,2015,2016,2017,2018,2019,2020,2024","2021,2022,2023"
146271,7,2008,2015,"2008,2009,2010,2011,2013,2014,2015",2012
146288,16,2008,2024,"2008,2009,2010,2011,2012,2014,2015,2016,2017,2018,2019,2020,2021,2022,2023,2024",2013
146290,14,2008,2024,"2008,2009,2010,2011,2012,2013,2014,2015,2016,2017,2018,2019,2020,2024","2021,2022,2023"
146299,7,2008,2015,"2008,2009,2010,2012,2013,2014,2015",2011
146333,14,2008,2022,"2008,2009,2010,2011,2012,2013,2014,2015,2016,2017,2018,2019,2020,2022",2021
146334,7,2008,2015,"2008,2010,2011,2012,2013,2014,2015",2009
146373,4,2009,2013,"2009,2011,2012,2013",2010
146382,6,2008,2014,"2008,2009,2010,2012,2013,2014",2011
146425,9,2008,2017,"2008,2009,2010,2011,2012,2014,2015,2016,2017",2013
146426,14,2008,2022,"2008,2009,2010,2011,2012,2013,2014,2015,2016,2017,2018,2020,2021,2022",2019
146470,7,2008,2015,"2008,2009,2010,2011,2013,2014,2015",2012
146473,12,2008,2024,"2008,2009,2011,2012,2013,2014,2015,2016,2017,2018,2019,2024","2010,2020,2021,2022,2023"
146503,7,2008,2015,"2008,2009,2010,2012,2013,2014,2015",2011
146535,4,2008,2013,"2008,2009,2010,2013","2011,2012"
146563,2,2008,2010,"2008,2010",2009
146565,5,2008,2013,"2008,2009,2010,2012,2013",2011
146571,14,2009,2024,"2009,2010,2011,2012,2013,2014,2015,2016,2017,2018,2020,2022,2023,2024","2019,2021"
146591,15,2008,2023,"2008,2009,2010,2011,2012,2013,2014,2015,2016,2017,2018,2020,2021,2022,2023",2019
146603,6,2009,2015,"2009,2011,2012,2013,2014,2015",2010
146619,16,2008,2024,"2008,2009,2011,2012,2013,2014,2015,2016,2017,2018,2019,2020,2021,2022,2023,2024",2010
146629,7,2008,2015,"2008,2009,2010,2011,2013,2014,2015",2012
146651,5,2008,2013,"2008,2009,2010,2011,2013",2012
146656,16,2008,2024,"2008,2010,2011,2012,2013,2014,2015,2016,2017,2018,2019,2020,2021,2022,2023,2024",2009
146659,11,2009,2020,"2009,2010,2011,2012,2013,2014,2016,2017,2018,2019,2020",2015
146674,16,2008,2024,"2008,2009,2010,2011,2012,2014,2015,2016,2017,2018,2019,2020,2021,2022,2023,2024",2013
146679,5,2009,2016,"2009,2010,2014,2015,2016","2011,2012,2013"
146712,6,2008,2015,"2008,2011,2012,2013,2014,2015","2009,2010"
146730,5,2008,2013,"2008,2009,2010,2011,2013",2012
146748,8,2008,2017,"2008,2011,2012,2013,2014,2015,2016,2017","2009,2010"
146749,14,2009,2023,"2009,2010,2011,2012,2013,2014,2015,2016,2017,2018,2019,2020,2021,2023",2022
146751,5,2009,2015,"2009,2012,2013,2014,2015","2010,2011"
146774,2,2008,2010,"2008,2010",2009
146779,16,2008,2024,"2008,2010,2011,2012,2013,2014,2015,2016,2017,2018,2019,2020,2021,2022,2023,2024",2009
146780,14,2010,2024,"2010,2011,2013,2014,2015,2016,2017,2018,2019,2020,2021,2022,2023,2024",2012
146799,7,2008,2016,"2008,2009,2010,2012,2014,2015,2016","2011,2013"
146803,14,2008,2024,"2008,2009,2010,2011,2013,2014,2015,2018,2019,2020,2021,2022,2023,2024","2012,2016,2017"
146846,16,2008,2024,"2008,2009,2010,2011,2012,2013,2014,2015,2016,2017,2018,2019,2021,2022,2023,2024",2020
146872,13,2008,2024,"2008,2009,2010,2011,2012,2013,2014,2015,2016,2017,2018,2019,2024","2020,2021,2022,2023"
146875,3,2008,2011,"2008,2009,2011",2010
146881,8,2008,2017,"2008,2009,2012,2013,2014,2015,2016,2017","2010,2011"
146890,6,2008,2014,"2008,2009,2010,2011,2012,2014",2013
146893,15,2008,2024,"2008,2009,2010,2011,2012,2013,2014,2017,2018,2019,2020,2021,2022,2023,2024","2015,2016"
146895,4,2008,2015,"2008,2013,2014,2015","2009,2010,2011,2012"
146898,15,2008,2024,"2008,2009,2010,2011,2012,2013,2016,2017,2018,2019,2020,2021,2022,2023,2024","2014,2015"
146932,4,2008,2016,"2008,2014,2015,2016","2009,2010,2011,2012,2013"
146967,12,2008,2020,"2008,2009,2010,2011,2012,2013,2014,2016,2017,2018,2019,2020",2015
146979,16,2008,2024,"2008,2009,2010,2011,2012,2014,2015,2016,2017,2018,2019,2020,2021,2022,2023,2024",2013
146996,16,2008,2024,"2008,2009,2010,2012,2013,2014,2015,2016,2017,2018,2019,2020,2021,2022,2023,2024",2011
147001,3,2008,2011,"2008,2009,2011",2010
147041,4,2009,2015,"2009,2013,2014,2015","2010,2011,2012"
147092,16,2008,2024,"2008,2009,2010,2011,2012,2013,2014,2015,2017,2018,2019,2020,2021,2022,2023,2024",2016
147137,16,2008,2024,"2008,2009,2010,2012,2013,2014,2015,2016,2017,2018,2019,2020,2021,2022,2023,2024",2011
147175,14,2008,2022,"2008,2009,2010,2011,2013,2014,2015,2016,2017,2018,2019,2020,2021,2022",2012
147201,8,2008,2016,"2008,2009,2010,2011,2013,2014,2015,2016",2012
147202,4,2008,2012,"2008,2009,2011,2012",2010
147203,6,2008,2014,"2008,2009,2010,2011,2012,2014",2013
147205,12,2008,2024,"2008,2009,2011,2016,2017,2018,2019,2020,2021,2022,2023,2024","2010,2012,2013,2014,2015"
147246,7,2008,2015,"2008,2009,2010,2012,2013,2014,2015",2011
147255,7,2008,2015,"2008,2009,2010,2012,2013,2014,2015",2011
147280,14,2008,2022,"2008,2009,2011,2012,2013,2014,2015,2016,2017,2018,2019,2020,2021,2022",2010
147283,16,2008,2024,"2008,2009,2011,2012,2013,2014,2015,2016,2017,2018,2019,2020,2021,2022,2023,2024",2010
147300,11,2008,2019,"2008,2009,2010,2011,2012,2014,2015,2016,2017,2018,2019",2013
147335,2,2008,2011,"2008,2011","2009,2010"
147384,13,2008,2021,"2008,2009,2011,2012,2013,2014,2015,2016,2017,2018,2019,2020,2021",2010
147418,15,2008,2024,"2008,2011,2012,2013,2014,2015,2016,2017,2018,2019,2020,2021,2022,2023,2024","2009,2010"
147447,8,2008,2016,"2008,2009,2010,2011,2013,2014,2015,2016",2012
147476,7,2008,2015,"2008,2010,2011,2012,2013,2014,2015",2009
147480,16,2008,2024,"2008,2009,2010,2011,2012,2014,2015,2016,2017,2018,2019,2020,2021,2022,2023,2024",2013
217099,5,2009,2014,"2009,2010,2012,2013,2014",2011
217116,6,2009,2015,"2009,2010,2011,2013,2014,2015",2012
217163,12,2008,2024,"2008,2009,2010,2011,2012,2013,2014,2015,2016,2017,2018,2024","2019,2020,2021,2022,2023"
217174,9,2008,2017,"2008,2009,2010,2011,2013,2014,2015,2016,2017",2012
217184,12,2008,2020,"2008,2009,2010,2011,2012,2013,2014,2015,2016,2018,2019,2020",2017
217187,4,2008,2013,"2008,2009,2010,2013","2011,2012"
217203,12,2008,2022,"2008,2012,2013,2014,2015,2016,2017,2018,2019,2020,2021,2022","2009,2010,2011"
217231,13,2008,2021,"2008,2009,2011,2012,2013,2014,2015,2016,2017,2018,2019,2020,2021",2010
217315,7,2008,2015,"2008,2009,2010,2011,2013,2014,2015",2012
217330,7,2008,2015,"2008,2009,2010,2011,2013,2014,2015",2012
217375,4,2008,2013,"2008,2009,2010,2013","2011,2012"
217428,9,2008,2017,"2008,2009,2010,2011,2012,2013,2015,2016,2017",2014
217445,7,2008,2015,"2008,2010,2011,2012,2013,2014,2015",2009
217449,15,2008,2024,"2008,2009,2010,2011,2012,2013,2014,2015,2016,2017,2018,2019,2021,2023,2024","2020,2022"
217509,16,2008,2024,"2008,2010,2011,2012,2013,2014,2015,2016,2017,2018,2019,2020,2021,2022,2023,2024",2009
217530,15,2008,2023,"2008,2009,2010,2012,2013,2014,2015,2016,2017,2018,2019,2020,2021,2022,2023",2011
217567,15,2008,2024,"2008,2009,2010,2011,2014,2015,2016,2017,2018,2019,2020,2021,2022,2023,2024","2012,2013"
217574,12,2008,2021,"2008,2009,2010,2013,2014,2015,2016,2017,2018,2019,2020,2021","2011,2012"
217594,16,2008,2024,"2008,2010,2011,2012,2013,2014,2015,2016,2017,2018,2019,2020,2021,2022,2023,2024",2009
217606,15,2008,2023,"2008,2009,2010,2011,2012,2013,2014,2015,2016,2017,2018,2020,2021,2022,2023",2019
366543,16,2008,2024,"2008,2009,2010,2011,2012,2013,2014,2015,2016,2017,2018,2019,2020,2021,2022,2024",2023
366546,7,2008,2015,"2008,2010,2011,2012,2013,2014,2015",2009
366549,4,2008,2013,"2008,2009,2010,2013","2011,2012"
366597,10,2008,2018,"2008,2009,2010,2012,2013,2014,2015,2016,2017,2018",2011
366632,14,2008,2022,"2008,2009,2010,2011,2013,2014,2015,2016,2017,2018,2019,2020,2021,2022",2012
366640,10,2010,2020,"2010,2011,2012,2013,2014,2015,2016,2017,2019,2020",2018
366654,10,2008,2019,"2008,2009,2010,2011,2012,2013,2014,2017,2018,2019","2015,2016"
366666,5,2008,2015,"2008,2009,2011,2014,2015","2010,2012,2013"
366671,5,2008,2013,"2008,2009,2010,2012,2013",2011
366678,16,2008,2024,"2008,2010,2011,2012,2013,2014,2015,2016,2017,2018,2019,2020,2021,2022,2023,2024",2009
366691,7,2008,2015,"2008,2009,2010,2012,2013,2014,2015",2011
366701,6,2008,2015,"2008,2009,2012,2013,2014,2015","2010,2011"
366723,7,2008,2015,"2008,2009,2010,2011,2013,2014,2015",2012
366742,15,2008,2024,"2008,2009,2010,2011,2014,2015,2016,2017,2018,2019,2020,2021,2022,2023,2024","2012,2013"
366755,13,2008,2021,"2008,2009,2010,2011,2013,2014,2015,2016,2017,2018,2019,2020,2021",2012
366778,5,2008,2015,"2008,2009,2013,2014,2015","2010,2011,2012"
366784,16,2008,2024,"2008,2009,2010,2011,2013,2014,2015,2016,2017,2018,2019,2020,2021,2022,2023,2024",2012
366790,3,2008,2011,"2008,2010,2011",2009
366798,6,2010,2016,"2010,2011,2012,2014,2015,2016",2013
366812,3,2009,2013,"2009,2010,2013","2011,2012"
366815,14,2008,2022,"2008,2009,2010,2011,2012,2013,2014,2015,2016,2017,2018,2019,2021,2022",2020
366835,7,2008,2015,"2008,2009,2010,2011,2013,2014,2015",2012
366838,7,2008,2015,"2008,2009,2010,2012,2013,2014,2015",2011
366842,11,2008,2024,"2008,2009,2010,2011,2012,2013,2015,2016,2017,2023,2024","2014,2018,2019,2020,2021,2022"
366852,8,2008,2016,"2008,2009,2010,2011,2012,2014,2015,2016",2013
366855,7,2008,2015,"2008,2009,2010,2011,2013,2014,2015",2012
366857,12,2008,2020,"2008,2009,2010,2011,2012,2013,2014,2015,2016,2017,2019,2020",2018
366894,7,2008,2015,"2008,2009,2011,2012,2013,2014,2015",2010
366910,13,2008,2021,"2008,2009,2010,2011,2012,2013,2014,2015,2016,2017,2019,2020,2021",2018
366947,16,2008,2024,"2008,2009,2010,2011,2012,2013,2014,2016,2017,2018,2019,2020,2021,2022,2023,2024",2015
366949,12,2008,2021,"2008,2009,2010,2011,2012,2013,2014,2017,2018,2019,2020,2021","2015,2016"
366967,15,2008,2024,"2008,2009,2010,2011,2012,2013,2014,2015,2016,2017,2018,2019,2022,2023,2024","2020,2021"
366999,11,2008,2019,"2008,2010,2011,2012,2013,2014,2015,2016,2017,2018,2019",2009
367031,15,2008,2024,"2008,2010,2011,2013,2014,2015,2016,2017,2018,2019,2020,2021,2022,2023,2024","2009,2012"
367044,4,2008,2013,"2008,2009,2010,2013","2011,2012"
367045,16,2008,2024,"2008,2009,2010,2011,2012,2013,2014,2015,2016,2017,2018,2019,2021,2022,2023,2024",2020
367114,16,2008,2024,"2008,2009,2010,2011,2012,2014,2015,2016,2017,2018,2019,2020,2021,2022,2023,2024",2013
367116,9,2008,2021,"2008,2009,2010,2016,2017,2018,2019,2020,2021","2011,2012,2013,2014,2015"
367126,9,2008,2017,"2008,2009,2010,2011,2012,2014,2015,2016,2017",2013
367146,5,2008,2015,"2008,2010,2011,2014,2015","2009,2012,2013"
367160,3,2008,2013,"2008,2010,2013","2009,2011,2012"
367193,16,2008,2024,"2008,2009,2010,2011,2012,2013,2014,2015,2016,2017,2018,2020,2021,2022,2023,2024",2019
367217,15,2008,2024,"2008,2009,2010,2013,2014,2015,2016,2017,2018,2019,2020,2021,2022,2023,2024","2011,2012"
367221,5,2008,2015,"2008,2009,2013,2014,2015","2010,2011,2012"
367232,15,2008,2023,"2008,2009,2010,2011,2012,2013,2014,2015,2016,2017,2018,2020,2021,2022,2023",2019
367264,7,2008,2015,"2008,2009,2010,2011,2013,2014,2015",2012
367292,5,2008,2015,"2008,2011,2013,2014,2015","2009,2010,2012"
367342,5,2009,2015,"2009,2010,2013,2014,2015","2011,2012"
367345,15,2008,2024,"2008,2009,2010,2011,2012,2013,2014,2015,2018,2019,2020,2021,2022,2023,2024","2016,2017"
367347,8,2008,2016,"2008,2009,2010,2011,2012,2013,2014,2016",2015
367373,7,2008,2015,"2008,2009,2010,2011,2013,2014,2015",2012
367413,16,2008,2024,"2008,2009,2010,2011,2012,2014,2015,2016,2017,2018,2019,2020,2021,2022,2023,2024",2013
367427,7,2008,2015,"2008,2009,2010,2012,2013,2014,2015",2011
367517,12,2008,2020,"2008,2009,2010,2011,2012,2013,2014,2015,2016,2017,2018,2020",2019
367562,15,2008,2024,"2008,2009,2010,2011,2012,2013,2015,2016,2017,2018,2019,2020,2021,2022,2024","2014,2023"
367593,7,2008,2015,"2008,2009,2010,2011,2013,2014,2015",2012
367637,15,2008,2024,"2008,2009,2010,2011,2012,2013,2016,2017,2018,2019,2020,2021,2022,2023,2024","2014,2015"
427200,7,2008,2016,"2008,2010,2012,2013,2014,2015,2016","2009,2011"
427201,3,2009,2012,"2009,2011,2012",2010
427225,15,2008,2023,"2008,2009,2010,2011,2012,2013,2014,2015,2016,2017,2018,2019,2021,2022,2023",2020
427238,16,2008,2024,"2008,2009,2010,2011,2012,2013,2014,2015,2016,2017,2018,2019,2021,2022,2023,2024",2020
427240,15,2008,2024,"2008,2011,2012,2013,2014,2015,2016,2017,2018,2019,2020,2021,2022,2023,2024","2009,2010"
427242,8,2008,2016,"2008,2009,2010,2011,2012,2013,2014,2016",2015
427247,16,2008,2024,"2008,2009,2010,2011,2012,2014,2015,2016,2017,2018,2019,2020,2021,2022,2023,2024",2013
427253,6,2008,2015,"2008,2011,2012,2013,2014,2015","2009,2010"
427259,4,2008,2013,"2008,2009,2010,2013","2011,2012"
427275,13,2008,2021,"2008,2010,2011,2012,2013,2014,2015,2016,2017,2018,2019,2020,2021",2009
427283,11,2008,2020,"2008,2009,2010,2011,2012,2013,2014,2015,2018,2019,2020","2016,2017"
427287,8,2008,2017,"2008,2011,2012,2013,2014,2015,2016,2017","2009,2010"
427314,2,2008,2010,"2008,2010",2009
427324,16,2008,2024,"2008,2009,2010,2011,2012,2013,2014,2015,2016,2017,2018,2019,2020,2021,2023,2024",2022
427393,14,2008,2024,"2008,2009,2010,2011,2012,2013,2014,2015,2018,2019,2020,2021,2022,2024","2016,2017,2023"
427439,6,2009,2015,"2009,2010,2011,2013,2014,2015",2012
427440,9,2008,2017,"2008,2009,2010,2011,2013,2014,2015,2016,2017",2012
427446,3,2008,2011,"2008,2009,2011",2010
427453,12,2008,2024,"2008,2009,2010,2011,2012,2013,2014,2015,2016,2017,2018,2024","2019,2020,2021,2022,2023"
427495,2,2008,2010,"2008,2010",2009
427500,10,2008,2019,"2008,2009,2010,2011,2012,2013,2014,2017,2018,2019","2015,2016"
427642,12,2008,2020,"2008,2009,2010,2011,2012,2013,2014,2015,2017,2018,2019,2020",2016
865369,16,2008,2024,"2008,2009,2010,2012,2013,2014,2015,2016,2017,2018,2019,2020,2021,2022,2023,2024",2011
865403,6,2009,2015,"2009,2010,2012,2013,2014,2015",2011
865418,10,2008,2018,"2008,2009,2010,2011,2012,2013,2014,2015,2017,2018",2016
865427,6,2009,2015,"2009,2010,2011,2013,2014,2015",2012
865454,5,2008,2013,"2008,2009,2011,2012,2013",2010
865464,4,2008,2012,"2008,2009,2011,2012",2010
865472,10,2008,2018,"2008,2009,2010,2012,2013,2014,2015,2016,2017,2018",2011
865493,15,2008,2024,"2008,2009,2010,2011,2012,2013,2014,2015,2016,2017,2018,2019,2020,2021,2024","2022,2023"
865537,7,2008,2015,"2008,2009,2010,2012,2013,2014,2015",2011
865558,8,2008,2016,"2008,2009,2010,2012,2013,2014,2015,2016",2011
865569,7,2008,2015,"2008,2010,2011,2012,2013,2014,2015",2009
865571,7,2008,2015,"2008,2009,2011,2012,2013,2014,2015",2010
865572,4,2008,2013,"2008,2009,2010,2013","2011,2012"
865579,5,2010,2016,"2010,2012,2013,2015,2016","2011,2014"
865594,13,2008,2021,"2008,2009,2010,2011,2012,2013,2014,2016,2017,2018,2019,2020,2021",2015
865607,16,2008,2024,"2008,2009,2010,2011,2013,2014,2015,2016,2017,2018,2019,2020,2021,2022,2023,2024",2012
865609,13,2008,2021,"2008,2010,2011,2012,2013,2014,2015,2016,2017,2018,2019,2020,2021",2009
865612,9,2008,2017,"2008,2009,2011,2012,2013,2014,2015,2016,2017",2010
865628,4,2008,2013,"2008,2011,2012,2013","2009,2010"
865629,7,2008,2015,"2008,2009,2010,2012,2013,2014,2015",2011
865653,13,2008,2021,"2008,2009,2010,2011,2012,2013,2014,2015,2016,2017,2018,2019,2021",2020
865671,16,2008,2024,"2008,2009,2010,2011,2013,2014,2015,2016,2017,2018,2019,2020,2021,2022,2023,2024",2012
865680,16,2008,2024,"2008,2009,2011,2012,2013,2014,2015,2016,2017,2018,2019,2020,2021,2022,2023,2024",2010
865681,10,2008,2018,"2008,2009,2011,2012,2013,2014,2015,2016,2017,2018",2010
865704,15,2008,2024,"2008,2009,2010,2011,2012,2013,2014,2017,2018,2019,2020,2021,2022,2023,2024","2015,2016"
865705,2,2008,2011,"2008,2011","2009,2010"
865708,5,2009,2015,"2009,2010,2013,2014,2015","2011,2012"
865714,15,2008,2024,"2008,2009,2010,2011,2014,2015,2016,2017,2018,2019,2020,2021,2022,2023,2024","2012,2013"
865718,15,2008,2024,"2008,2009,2010,2011,2012,2013,2014,2015,2016,2017,2018,2019,2022,2023,2024","2020,2021"
865739,7,2008,2015,"2008,2010,2011,2012,2013,2014,2015",2009
865764,16,2008,2024,"2008,2009,2010,2012,2013,2014,2015,2016,2017,2018,2019,2020,2021,2022,2023,2024",2011
865890,5,2008,2013,"2008,2009,2010,2012,2013",2011
865920,7,2008,2015,"2008,2010,2011,2012,2013,2014,2015",2009
865956,7,2008,2017,"2008,2009,2010,2014,2015,2016,2017","2011,2012,2013"
865957,7,2008,2015,"2008,2009,2011,2012,2013,2014,2015",2010
865982,4,2008,2013,"2008,2010,2012,2013","2009,2011"
865985,15,2008,2024,"2008,2009,2010,2011,2012,2013,2014,2017,2018,2019,2020,2021,2022,2023,2024","2015,2016"
866014,15,2008,2023,"2008,2009,2010,2012,2013,2014,2015,2016,2017,2018,2019,2020,2021,2022,2023",2011
866058,7,2008,2015,"2008,2009,2010,2011,2013,2014,2015",2012
866077,15,2009,2024,"2009,2010,2012,2013,2014,2015,2016,2017,2018,2019,2020,2021,2022,2023,2024",2011
866087,5,2008,2013,"2008,2009,2011,2012,2013",2010
866123,4,2008,2013,"2008,2009,2010,2013","2011,2012"
866145,7,2008,2015,"2008,2009,2010,2011,2012,2014,2015",2013
866159,15,2008,2024,"2008,2009,2012,2013,2014,2015,2016,2017,2018,2019,2020,2021,2022,2023,2024","2010,2011"
866162,4,2008,2013,"2008,2009,2010,2013","2011,2012"
866166,11,2012,2024,"2012,2013,2014,2015,2016,2017,2018,2019,2020,2023,2024","2021,2022"
866167,6,2008,2015,"2008,2009,2011,2013,2014,2015","2010,2012"
866171,15,2008,2024,"2008,2009,2010,2011,2014,2015,2016,2017,2018,2019,2020,2021,2022,2023,2024","2012,2013"
866173,7,2008,2015,"2008,2009,2011,2012,2013,2014,2015",2010
866176,14,2008,2024,"2008,2009,2010,2011,2015,2016,2017,2018,2019,2020,2021,2022,2023,2024","2012,2013,2014"
866183,5,2008,2015,"2008,2009,2013,2014,2015","2010,2011,2012"
866244,5,2008,2013,"2008,2009,2010,2011,2013",2012
866282,6,2008,2015,"2008,2011,2012,2013,2014,2015","2009,2010"
866340,16,2008,2024,"2008,2010,2011,2012,2013,2014,2015,2016,2017,2018,2019,2020,2021,2022,2023,2024",2009
866342,16,2008,2024,"2008,2009,2010,2011,2013,2014,2015,2016,2017,2018,2019,2020,2021,2022,2023,2024",2012
866435,6,2008,2014,"2008,2009,2010,2011,2013,2014",2012
866438,4,2008,2013,"2008,2009,2010,2013","2011,2012"
866467,11,2008,2021,"2008,2009,2010,2011,2012,2013,2017,2018,2019,2020,2021","2014,2015,2016"
866474,14,2008,2024,"2008,2009,2010,2011,2012,2013,2014,2018,2019,2020,2021,2022,2023,2024","2015,2016,2017"
866510,15,2008,2024,"2008,2009,2010,2013,2014,2015,2016,2017,2018,2019,2020,2021,2022,2023,2024","2011,2012"
866519,16,2008,2024,"2008,2009,2010,2012,2013,2014,2015,2016,2017,2018,2019,2020,2021,2022,2023,2024",2011
866533,16,2008,2024,"2008,2009,2010,2011,2012,2013,2015,2016,2017,2018,2019,2020,2021,2022,2023,2024",2014
866534,6,2008,2015,"2008,2009,2010,2011,2014,2015","2012,2013"
866535,15,2008,2024,"2008,2009,2010,2011,2012,2013,2014,2015,2016,2017,2018,2019,2022,2023,2024","2020,2021"
866549,13,2008,2021,"2008,2009,2010,2011,2013,2014,2015,2016,2017,2018,2019,2020,2021",2012
866575,5,2008,2013,"2008,2009,2011,2012,2013",2010
866579,4,2008,2012,"2008,2009,2010,2012",2011
866594,16,2008,2024,"2008,2010,2011,2012,2013,2014,2015,2016,2017,2018,2019,2020,2021,2022,2023,2024",2009
866682,11,2008,2019,"2008,2010,2011,2012,2013,2014,2015,2016,2017,2018,2019",2009
866692,15,2008,2024,"2008,2009,2010,2011,2012,2013,2014,2015,2016,2017,2018,2019,2020,2023,2024","2021,2022"
866737,7,2008,2015,"2008,2009,2010,2011,2013,2014,2015",2012
866771,16,2008,2024,"2008,2009,2010,2011,2012,2013,2014,2015,2016,2017,2018,2020,2021,2022,2023,2024",2019
866780,3,2008,2012,"2008,2010,2012","2009,2011"
866810,16,2008,2024,"2008,2009,2010,2011,2012,2014,2015,2016,2017,2018,2019,2020,2021,2022,2023,2024",2013
866837,16,2008,2024,"2008,2009,2010,2011,2012,2013,2014,2015,2016,2017,2018,2019,2020,2022,2023,2024",2021
866884,16,2008,2024,"2008,2009,2010,2011,2012,2013,2014,2015,2016,2017,2019,2020,2021,2022,2023,2024",2018
866909,3,2008,2011,"2008,2009,2011",2010
866954,16,2008,2024,"2008,2009,2010,2011,2012,2013,2014,2015,2016,2017,2019,2020,2021,2022,2023,2024",2018
866958,15,2008,2024,"2008,2009,2010,2011,2012,2013,2014,2015,2016,2017,2018,2019,2020,2021,2024","2022,2023"
866961,16,2008,2024,"2008,2009,2010,2011,2012,2013,2015,2016,2017,2018,2019,2020,2021,2022,2023,2024",2014
866969,7,2008,2015,"2008,2009,2010,2011,2013,2014,2015",2012
866997,7,2008,2015,"2008,2010,2011,2012,2013,2014,2015",2009
867005,16,2008,2024,"2008,2009,2010,2011,2012,2013,2014,2016,2017,2018,2019,2020,2021,2022,2023,2024",2015
867016,7,2008,2016,"2008,2009,2011,2012,2013,2015,2016","2010,2014"
867029,16,2008,2024,"2008,2009,2010,2011,2012,2013,2014,2015,2016,2017,2018,2020,2021,2022,2023,2024",2019
867073,12,2008,2020,"2008,2009,2010,2011,2012,2013,2014,2015,2016,2017,2018,2020",2019
867109,14,2008,2024,"2008,2009,2010,2011,2012,2013,2014,2015,2016,2017,2018,2019,2023,2024","2020,2021,2022"
867116,4,2008,2013,"2008,2009,2010,2013","2011,2012"
867159,4,2008,2012,"2008,2009,2010,2012",2011
867178,3,2009,2012,"2009,2010,2012",2011
867189,4,2008,2012,"2008,2009,2011,2012",2010
867211,7,2008,2015,"2008,2010,2011,2012,2013,2014,2015",2009
867217,16,2008,2024,"2008,2009,2010,2012,2013,2014,2015,2016,2017,2018,2019,2020,2021,2022,2023,2024",2011
867271,15,2008,2024,"2008,2009,2010,2011,2012,2013,2014,2015,2016,2017,2018,2019,2020,2023,2024","2021,2022"
867285,3,2008,2011,"2008,2009,2011",2010
867301,13,2008,2024,"2008,2009,2010,2011,2012,2013,2014,2015,2016,2017,2018,2019,2024","2020,2021,2022,2023"
867351,8,2008,2016,"2008,2009,2010,2011,2012,2014,2015,2016",2013
867364,7,2008,2016,"2008,2009,2010,2011,2012,2013,2016","2014,2015"
867385,10,2008,2019,"2008,2009,2010,2011,2012,2013,2016,2017,2018,2019","2014,2015"
867403,4,2008,2012,"2008,2009,2010,2012",2011
867437,14,2008,2024,"2008,2009,2010,2011,2012,2014,2015,2016,2017,2018,2019,2022,2023,2024","2013,2020,2021"
867442,10,2008,2019,"2008,2009,2010,2011,2012,2013,2014,2015,2018,2019","2016,2017"
867487,12,2008,2021,"2008,2009,2012,2013,2014,2015,2016,2017,2018,2019,2020,2021","2010,2011"
867571,15,2008,2024,"2008,2009,2010,2011,2012,2013,2014,2017,2018,2019,2020,2021,2022,2023,2024","2015,2016"
867603,9,2008,2018,"2008,2009,2010,2011,2012,2013,2014,2017,2018","2015,2016"
973257,7,2008,2015,"2008,2009,2010,2011,2012,2014,2015",2013
973309,4,2008,2015,"2008,2013,2014,2015","2009,2010,2011,2012"
973325,10,2008,2019,"2008,2009,2010,2013,2014,2015,2016,2017,2018,2019","2011,2012"
973366,16,2008,2024,"2008,2009,2010,2011,2012,2013,2014,2015,2016,2017,2018,2019,2020,2022,2023,2024",2021
973454,7,2008,2015,"2008,2009,2010,2012,2013,2014,2015",2011
973495,7,2008,2015,"2008,2009,2010,2012,2013,2014,2015",2011
973547,16,2008,2024,"2008,2010,2011,2012,2013,2014,2015,2016,2017,2018,2019,2020,2021,2022,2023,2024",2009
973618,6,2008,2015,"2008,2009,2010,2013,2014,2015","2011,2012"
973623,6,2009,2015,"2009,2010,2012,2013,2014,2015",2011
974578,14,2008,2023,"2008,2009,2010,2011,2012,2013,2014,2015,2018,2019,2020,2021,2022,2023","2016,2017"
974615,5,2009,2015,"2009,2010,2013,2014,2015","2011,2012"
974675,5,2008,2013,"2008,2009,2011,2012,2013",2010
974831,11,2008,2019,"2008,2009,2010,2011,2013,2014,2015,2016,2017,2018,2019",2012
974923,16,2008,2024,"2008,2009,2010,2011,2012,2013,2014,2015,2016,2018,2019,2020,2021,2022,2023,2024",2017
974933,16,2008,2024,"2008,2009,2010,2011,2012,2013,2014,2015,2016,2017,2018,2020,2021,2022,2023,2024",2019
974940,6,2008,2015,"2008,2009,2012,2013,2014,2015","2010,2011"
974962,16,2008,2024,"2008,2010,2011,2012,2013,2014,2015,2016,2017,2018,2019,2020,2021,2022,2023,2024",2009
975069,14,2008,2024,"2008,2009,2010,2011,2012,2013,2014,2015,2016,2020,2021,2022,2023,2024","2017,2018,2019"
975092,6,2008,2015,"2008,2011,2012,2013,2014,2015","2009,2010"
975291,7,2008,2016,"2008,2011,2012,2013,2014,2015,2016","2009,2010"
975359,4,2008,2013,"2008,2009,2010,2013","2011,2012"
975590,7,2008,2015,"2008,2009,2010,2011,2013,2014,2015",2012
975693,15,2008,2024,"2008,2011,2012,2013,2014,2015,2016,2017,2018,2019,2020,2021,2022,2023,2024","2009,2010"
975703,12,2008,2021,"2008,2009,2012,2013,2014,2015,2016,2017,2018,2019,2020,2021","2010,2011"
975810,10,2008,2018,"2008,2009,2010,2011,2012,2013,2014,2015,2016,2018",2017
975824,10,2008,2020,"2008,2009,2010,2011,2015,2016,2017,2018,2019,2020","2012,2013,2014"
975860,7,2008,2016,"2008,2009,2010,2011,2012,2013,2016","2014,2015"
975881,6,2008,2014,"2008,2009,2010,2011,2013,2014",2012
975894,6,2008,2015,"2008,2010,2012,2013,2014,2015","2009,2011"
975934,3,2008,2011,"2008,2009,2011",2010
975988,5,2010,2015,"2010,2012,2013,2014,2015",2011
976051,7,2008,2015,"2008,2009,2010,2011,2013,2014,2015",2012
976054,6,2008,2014,"2008,2009,2010,2011,2013,2014",2012
976147,16,2008,2024,"2008,2010,2011,2012,2013,2014,2015,2016,2017,2018,2019,2020,2021,2022,2023,2024",2009
976179,6,2008,2014,"2008,2010,2011,2012,2013,2014",2009
976468,7,2008,2015,"2008,2010,2011,2012,2013,2014,2015",2009
976520,7,2008,2015,"2008,2009,2011,2012,2013,2014,2015",2010
976565,11,2008,2024,"2008,2009,2010,2011,2018,2019,2020,2021,2022,2023,2024","2012,2013,2014,2015,2016,2017"
976662,15,2008,2024,"2008,2009,2010,2011,2014,2015,2016,2017,2018,2019,2020,2021,2022,2023,2024","2012,2013"
976675,6,2008,2015,"2008,2009,2010,2013,2014,2015","2011,2012"
976787,15,2008,2023,"2008,2009,2010,2011,2012,2013,2014,2015,2016,2017,2018,2020,2021,2022,2023",2019
976829,16,2008,2024,"2008,2009,2010,2011,2012,2013,2014,2015,2016,2017,2019,2020,2021,2022,2023,2024",2018
976947,13,2008,2024,"2008,2009,2010,2011,2012,2013,2014,2015,2020,2021,2022,2023,2024","2016,2017,2018,2019"
976960,7,2008,2015,"2008,2010,2011,2012,2013,2014,2015",2009
977101,15,2008,2024,"2008,2009,2012,2013,2014,2015,2016,2017,2018,2019,2020,2021,2022,2023,2024","2010,2011"
977133,15,2008,2024,"2008,2011,2012,2013,2014,2015,2016,2017,2018,2019,2020,2021,2022,2023,2024","2009,2010"
977184,16,2008,2024,"2008,2009,2010,2011,2012,2013,2014,2015,2017,2018,2019,2020,2021,2022,2023,2024",2016
977340,16,2008,2024,"2008,2009,2010,2011,2012,2014,2015,2016,2017,2018,2019,2020,2021,2022,2023,2024",2013
977351,2,2008,2010,"2008,2010",2009
977362,9,2008,2017,"2008,2009,2010,2011,2012,2014,2015,2016,2017",2013
977518,6,2008,2015,"2008,2009,2012,2013,2014,2015","2010,2011"
977611,6,2008,2014,"2008,2009,2010,2011,2013,2014",2012
977642,6,2008,2016,"2008,2010,2013,2014,2015,2016","2009,2011,2012"
977730,7,2008,2015,"2008,2009,2010,2012,2013,2014,2015",2011
977737,9,2008,2017,"2008,2009,2011,2012,2013,2014,2015,2016,2017",2010
977752,12,2008,2020,"2008,2009,2010,2011,2012,2013,2014,2015,2016,2018,2019,2020",2017
977781,10,2008,2018,"2008,2009,2010,2012,2013,2014,2015,2016,2017,2018",2011
977835,14,2008,2024,"2008,2009,2010,2011,2012,2013,2014,2015,2016,2017,2018,2022,2023,2024","2019,2020,2021"
977977,16,2008,2024,"2008,2009,2010,2011,2012,2013,2014,2015,2016,2017,2018,2019,2020,2021,2023,2024",2022
978131,7,2008,2016,"2008,2009,2010,2011,2012,2015,2016","2013,2014"
978222,7,2008,2015,"2008,2009,2010,2011,2013,2014,2015",2012
978265,7,2008,2015,"2008,2009,2010,2012,2013,2014,2015",2011
978272,13,2008,2021,"2008,2009,2010,2012,2013,2014,2015,2016,2017,2018,2019,2020,2021",2011
978348,6,2008,2014,"2008,2009,2010,2011,2012,2014",2013
978473,14,2010,2024,"2010,2011,2013,2014,2015,2016,2017,2018,2019,2020,2021,2022,2023,2024",2012
978487,7,2008,2015,"2008,2009,2010,2011,2013,2014,2015",2012
978622,7,2008,2015,"2008,2010,2011,2012,2013,2014,2015",2009
978707,9,2008,2017,"2008,2009,2010,2011,2012,2013,2014,2015,2017",2016
978710,5,2008,2014,"2008,2009,2011,2013,2014","2010,2012"
978767,16,2008,2024,"2008,2009,2010,2011,2012,2013,2014,2015,2016,2017,2018,2019,2020,2021,2023,2024",2022
978823,6,2009,2015,"2009,2010,2012,2013,2014,2015",2011
978915,4,2008,2013,"2008,2009,2010,2013","2011,2012"
979008,2,2008,2010,"2008,2010",2009
979032,8,2008,2017,"2008,2009,2010,2011,2014,2015,2016,2017","2012,2013"
979090,8,2008,2017,"2008,2011,2012,2013,2014,2015,2016,2017","2009,2010"
979099,7,2008,2015,"2008,2009,2010,2012,2013,2014,2015",2011
979180,15,2008,2024,"2008,2009,2010,2011,2012,2013,2014,2015,2016,2017,2018,2019,2020,2023,2024","2021,2022"
979504,4,2008,2013,"2008,2009,2010,2013","2011,2012"
979566,16,2008,2024,"2008,2009,2011,2012,2013,2014,2015,2016,2017,2018,2019,2020,2021,2022,2023,2024",2010
979614,4,2008,2012,"2008,2010,2011,2012",2009
979788,6,2008,2015,"2008,2009,2011,2013,2014,2015","2010,2012"
979985,8,2008,2016,"2008,2009,2010,2011,2012,2013,2014,2016",2015
980026,13,2008,2023,"2008,2009,2010,2011,2012,2013,2014,2015,2016,2017,2018,2022,2023","2019,2020,2021"
980105,6,2008,2016,"2008,2009,2010,2013,2014,2016","2011,2012,2015"
980140,4,2008,2013,"2008,2009,2010,2013","2011,2012"
980318,13,2008,2024,"2008,2009,2010,2011,2012,2013,2014,2016,2017,2018,2019,2023,2024","2015,2020,2021,2022"
980398,16,2008,2024,"2008,2009,2010,2011,2012,2013,2014,2015,2016,2017,2018,2019,2021,2022,2023,2024",2020
980792,9,2008,2017,"2008,2009,2010,2011,2013,2014,2015,2016,2017",2012
980893,7,2008,2015,"2008,2009,2010,2011,2013,2014,2015",2012
981027,4,2008,2013,"2008,2009,2010,2013","2011,2012"
981030,6,2008,2015,"2008,2009,2010,2013,2014,2015","2011,2012"
981128,15,2008,2024,"2008,2011,2012,2013,2014,2015,2016,2017,2018,2019,2020,2021,2022,2023,2024","2009,2010"
981228,15,2008,2024,"2008,2009,2010,2011,2012,2013,2014,2015,2016,2017,2018,2019,2021,2022,2024","2020,2023"
981249,15,2008,2023,"2008,2010,2011,2012,2013,2014,2015,2016,2017,2018,2019,2020,2021,2022,2023",2009
981364,4,2008,2013,"2008,2009,2010,2013","2011,2012"
981479,14,2008,2022,"2008,2009,2010,2011,2012,2013,2014,2015,2016,2017,2019,2020,2021,2022",2018
981487,9,2008,2017,"2008,2009,2010,2011,2013,2014,2015,2016,2017",2012
981503,4,2008,2012,"2008,2009,2010,2012",2011
981574,7,2008,2015,"2008,2009,2010,2011,2013,2014,2015",2012
981578,4,2008,2013,"2008,2009,2010,2013","2011,2012"
981800,3,2008,2012,"2008,2011,2012","2009,2010"
981866,14,2008,2024,"2008,2009,2010,2012,2013,2016,2017,2018,2019,2020,2021,2022,2023,2024","2011,2014,2015"
981931,7,2008,2015,"2008,2009,2010,2011,2013,2014,2015",2012
982008,4,2008,2013,"2008,2009,2010,2013","2011,2012"
982050,13,2008,2021,"2008,2009,2010,2011,2012,2013,2014,2015,2016,2017,2019,2020,2021",2018
982196,9,2008,2017,"2008,2009,2010,2011,2012,2013,2014,2015,2017",2016
982203,8,2008,2016,"2008,2009,2010,2011,2012,2014,2015,2016",2013
982239,9,2008,2017,"2008,2009,2010,2011,2012,2013,2014,2015,2017",2016
982240,15,2008,2024,"2008,2009,2010,2011,2012,2015,2016,2017,2018,2019,2020,2021,2022,2023,2024","2013,2014"
982460,6,2008,2016,"2008,2012,2013,2014,2015,2016","2009,2010,2011"
982694,7,2008,2015,"2008,2009,2011,2012,2013,2014,2015",2010
982705,5,2009,2015,"2009,2012,2013,2014,2015","2010,2011"
982813,5,2008,2013,"2008,2009,2010,2011,2013",2012
982820,4,2008,2013,"2008,2010,2011,2013","2009,2012"
982827,12,2008,2020,"2008,2009,2011,2012,2013,2014,2015,2016,2017,2018,2019,2020",2010
982835,4,2008,2016,"2008,2014,2015,2016","2009,2010,2011,2012,2013"
982843,16,2008,2024,"2008,2009,2010,2012,2013,2014,2015,2016,2017,2018,2019,2020,2021,2022,2023,2024",2011
982846,5,2008,2013,"2008,2009,2011,2012,2013",2010
982863,7,2008,2015,"2008,2009,2010,2011,2013,2014,2015",2012
982898,3,2008,2011,"2008,2009,2011",2010
982934,7,2008,2015,"2008,2009,2010,2011,2013,2014,2015",2012
982939,4,2008,2012,"2008,2009,2010,2012",2011
982988,13,2008,2023,"2008,2012,2013,2014,2015,2016,2017,2018,2019,2020,2021,2022,2023","2009,2010,2011"
983056,4,2008,2013,"2008,2009,2010,2013","2011,2012"
983235,15,2008,2024,"2008,2009,2010,2011,2012,2013,2014,2015,2016,2019,2020,2021,2022,2023,2024","2017,2018"
983271,10,2008,2021,"2008,2009,2010,2015,2016,2017,2018,2019,2020,2021","2011,2012,2013,2014"
983350,16,2008,2024,"2008,2009,2011,2012,2013,2014,2015,2016,2017,2018,2019,2020,2021,2022,2023,2024",2010
983386,15,2008,2024,"2008,2009,2010,2011,2012,2015,2016,2017,2018,2019,2020,2021,2022,2023,2024","2013,2014"
983402,13,2008,2024,"2008,2012,2013,2014,2015,2016,2017,2018,2019,2020,2021,2022,2024","2009,2010,2011,2023"
983458,6,2008,2015,"2008,2011,2012,2013,2014,2015","2009,2010"
983478,6,2009,2016,"2009,2010,2013,2014,2015,2016","2011,2012"
983482,5,2008,2013,"2008,2009,2010,2011,2013",2012
983527,5,2008,2014,"2008,2010,2012,2013,2014","2009,2011"
983603,8,2008,2016,"2008,2009,2010,2011,2012,2013,2015,2016",2014
983628,16,2008,2024,"2008,2009,2011,2012,2013,2014,2015,2016,2017,2018,2019,2020,2021,2022,2023,2024",2010
983677,13,2008,2021,"2008,2009,2010,2011,2012,2013,2014,2015,2016,2018,2019,2020,2021",2017
983721,14,2008,2022,"2008,2009,2010,2011,2012,2013,2014,2015,2016,2017,2018,2019,2021,2022",2020
983754,8,2008,2016,"2008,2010,2011,2012,2013,2014,2015,2016",2009
983970,14,2008,2024,"2008,2009,2013,2014,2015,2016,2017,2018,2019,2020,2021,2022,2023,2024","2010,2011,2012"
983993,7,2008,2015,"2008,2009,2010,2011,2013,2014,2015",2012
984023,15,2008,2024,"2008,2009,2010,2011,2012,2013,2014,2015,2016,2017,2018,2019,2020,2021,2024","2022,2023"
984095,2,2008,2013,"2008,2013","2009,2010,2011,2012"
984113,4,2008,2013,"2008,2009,2010,2013","2011,2012"
984140,16,2008,2024,"2008,2009,2010,2012,2013,2014,2015,2016,2017,2018,2019,2020,2021,2022,2023,2024",2011
984234,4,2008,2013,"2008,2009,2010,2013","2011,2012"
984304,9,2008,2017,"2008,2009,2011,2012,2013,2014,2015,2016,2017",2010
984409,7,2008,2015,"2008,2009,2010,2011,2013,2014,2015",2012
984456,12,2008,2020,"2008,2009,2010,2011,2012,2013,2014,2015,2016,2018,2019,2020",2017
984522,5,2008,2015,"2008,2012,2013,2014,2015","2009,2010,2011"
984552,7,2008,2016,"2008,2009,2010,2012,2014,2015,2016","2011,2013"
984675,2,2008,2010,"2008,2010",2009
984676,4,2008,2013,"2008,2009,2010,2013","2011,2012"
984681,8,2008,2016,"2008,2009,2010,2011,2012,2014,2015,2016",2013
984720,16,2008,2024,"2008,2009,2010,2011,2012,2013,2014,2015,2016,2017,2018,2019,2020,2021,2023,2024",2022
984735,4,2008,2013,"2008,2009,2010,2013","2011,2012"
984737,6,2008,2015,"2008,2011,2012,2013,2014,2015","2009,2010"
984738,3,2008,2012,"2008,2009,2012","2010,2011"
984745,10,2008,2018,"2008,2009,2010,2012,2013,2014,2015,2016,2017,2018",2011
984746,10,2008,2018,"2008,2009,2010,2011,2012,2014,2015,2016,2017,2018",2013
984877,15,2008,2024,"2008,2010,2011,2012,2013,2014,2015,2016,2018,2019,2020,2021,2022,2023,2024","2009,2017"
984974,16,2008,2024,"2008,2009,2010,2011,2012,2013,2014,2015,2016,2017,2018,2019,2021,2022,2023,2024",2020
985000,15,2008,2024,"2008,2009,2010,2011,2012,2013,2014,2015,2016,2017,2020,2021,2022,2023,2024","2018,2019"
985185,11,2008,2021,"2008,2011,2012,2013,2014,2015,2016,2017,2019,2020,2021","2009,2010,2018"
985187,6,2008,2016,"2008,2009,2011,2014,2015,2016","2010,2012,2013"
985238,15,2008,2024,"2008,2009,2012,2013,2014,2015,2016,2017,2018,2019,2020,2021,2022,2023,2024","2010,2011"
985312,8,2008,2016,"2008,2010,2011,2012,2013,2014,2015,2016",2009
985350,16,2008,2024,"2008,2009,2010,2011,2012,2013,2014,2016,2017,2018,2019,2020,2021,2022,2023,2024",2015
985433,2,2008,2010,"2008,2010",2009
985439,3,2008,2013,"2008,2010,2013","2009,2011,2012"
985517,7,2008,2015,"2008,2009,2010,2012,2013,2014,2015",2011
985535,8,2008,2017,"2008,2009,2012,2013,2014,2015,2016,2017","2010,2011"
985551,16,2008,2024,"2008,2009,2010,2011,2012,2013,2014,2015,2016,2017,2018,2019,2020,2021,2023,2024",2022
985584,13,2008,2021,"2008,2009,2010,2011,2012,2013,2014,2015,2016,2017,2018,2020,2021",2019
985608,3,2008,2011,"2008,2010,2011",2009
985643,11,2008,2019,"2008,2009,2010,2011,2013,2014,2015,2016,2017,2018,2019",2012
985713,4,2008,2012,"2008,2010,2011,2012",2009
985980,12,2008,2020,"2008,2009,2010,2011,2013,2014,2015,2016,2017,2018,2019,2020",2012
986042,15,2008,2024,"2008,2009,2010,2011,2012,2013,2016,2017,2018,2019,2020,2021,2022,2023,2024","2014,2015"
986144,16,2008,2024,"2008,2009,2010,2011,2012,2013,2014,2015,2016,2017,2018,2019,2020,2021,2022,2024",2023
986235,16,2008,2024,"2008,2009,2010,2012,2013,2014,2015,2016,2017,2018,2019,2020,2021,2022,2023,2024",2011
986247,6,2009,2015,"2009,2011,2012,2013,2014,2015",2010
986273,12,2008,2024,"2008,2009,2010,2011,2012,2018,2019,2020,2021,2022,2023,2024","2013,2014,2015,2016,2017"
986283,7,2008,2015,"2008,2009,2010,2011,2013,2014,2015",2012
986314,14,2008,2023,"2008,2009,2010,2011,2012,2013,2014,2015,2018,2019,2020,2021,2022,2023","2016,2017"
986790,6,2009,2015,"2009,2011,2012,2013,2014,2015",2010
986840,16,2008,2024,"2008,2009,2010,2011,2012,2013,2014,2015,2016,2017,2018,2019,2020,2021,2023,2024",2022
986912,4,2008,2012,"2008,2009,2010,2012",2011
986985,16,2008,2024,"2008,2009,2010,2011,2012,2013,2014,2016,2017,2018,2019,2020,2021,2022,2023,2024",2015
986999,10,2008,2019,"2008,2009,2012,2013,2014,2015,2016,2017,2018,2019","2010,2011"
987036,7,2008,2015,"2008,2009,2010,2011,2012,2013,2015",2014
987054,4,2008,2013,"2008,2009,2010,2013","2011,2012"
987067,16,2008,2024,"2008,2009,2010,2011,2012,2014,2015,2016,2017,2018,2019,2020,2021,2022,2023,2024",2013
987098,9,2008,2017,"2008,2009,2010,2011,2012,2013,2014,2016,2017",2015
987291,15,2008,2024,"2008,2009,2010,2011,2012,2014,2016,2017,2018,2019,2020,2021,2022,2023,2024","2013,2015"
987439,9,2009,2018,"2009,2011,2012,2013,2014,2015,2016,2017,2018",2010
987465,15,2008,2024,"2008,2009,2010,2011,2012,2013,2014,2015,2016,2017,2018,2019,2020,2021,2024","2022,2023"
987588,8,2008,2016,"2008,2009,2010,2012,2013,2014,2015,2016",2011
987601,7,2008,2015,"2008,2010,2011,2012,2013,2014,2015",2009
