medida,variable,beta,con_controles,n_obs,termino_regresion,estimate,std_error,p_value,significativo
Exposure2022_obreros_est,empleo_total,beta1,FALSE,45945,post_2022:exposicion_10pp,0.404065,0.37736,0.2843,FALSE
Exposure2022_obreros_est,empleo_total,beta2,FALSE,45945,post_2022:exposicion_10pp:Multi_f,-0.181528,1.469068,0.9017,FALSE
Exposure2022_obreros_est,empleo_total,beta3,FALSE,45945,post_2022:Multi_f,1.599341,9.85749,0.8711,FALSE
Exposure2022_obreros_est,empleo_total,beta1,TRUE,45944,post_2022:exposicion_10pp,0.57547,0.335522,0.08637,FALSE
Exposure2022_obreros_est,empleo_total,beta2,TRUE,45944,post_2022:exposicion_10pp:Multi_f,0.507664,1.354669,0.7079,FALSE
Exposure2022_obreros_est,empleo_total,beta3,TRUE,45944,post_2022:Multi_f,-9.660154,9.927027,0.3305,FALSE
Exposure2022_obreros_est,empleo_permanente,beta1,FALSE,45945,post_2022:exposicion_10pp,-0.310855,0.226535,0.17,FALSE
Exposure2022_obreros_est,empleo_permanente,beta2,FALSE,45945,post_2022:exposicion_10pp:Multi_f,0.094747,1.113259,0.9322,FALSE
Exposure2022_obreros_est,empleo_permanente,beta3,FALSE,45945,post_2022:Multi_f,0.968539,6.964317,0.8894,FALSE
Exposure2022_obreros_est,empleo_permanente,beta1,TRUE,45944,post_2022:exposicion_10pp,-0.013855,0.228778,0.9517,FALSE
Exposure2022_obreros_est,empleo_permanente,beta2,TRUE,45944,post_2022:exposicion_10pp:Multi_f,0.408536,0.961002,0.6708,FALSE
Exposure2022_obreros_est,empleo_permanente,beta3,TRUE,45944,post_2022:Multi_f,-5.652333,6.496427,0.3843,FALSE
Exposure2022_obreros_est,empleo_temporal,beta1,FALSE,45945,post_2022:exposicion_10pp,0.735452,0.280471,0.008758,TRUE
Exposure2022_obreros_est,empleo_temporal,beta2,FALSE,45945,post_2022:exposicion_10pp:Multi_f,-0.091268,0.839569,0.9134,FALSE
Exposure2022_obreros_est,empleo_temporal,beta3,FALSE,45945,post_2022:Multi_f,-0.375028,5.319722,0.9438,FALSE
Exposure2022_obreros_est,empleo_temporal,beta1,TRUE,45944,post_2022:exposicion_10pp,0.601486,0.284086,0.03428,TRUE
Exposure2022_obreros_est,empleo_temporal,beta2,TRUE,45944,post_2022:exposicion_10pp:Multi_f,0.293379,0.832201,0.7244,FALSE
Exposure2022_obreros_est,empleo_temporal,beta3,TRUE,45944,post_2022:Multi_f,-5.097964,5.611824,0.3637,FALSE
Exposure2022_obreros_est,participacion_permanente,beta1,FALSE,45927,post_2022:exposicion_10pp,-0.581042,0.15087,1.187e-4,TRUE
Exposure2022_obreros_est,participacion_permanente,beta2,FALSE,45927,post_2022:exposicion_10pp:Multi_f,0.110563,0.357876,0.7574,FALSE
Exposure2022_obreros_est,participacion_permanente,beta3,FALSE,45927,post_2022:Multi_f,0.548796,2.11169,0.795,FALSE
Exposure2022_obreros_est,participacion_permanente,beta1,TRUE,45926,post_2022:exposicion_10pp,-0.549533,0.166064,9.411e-4,TRUE
Exposure2022_obreros_est,participacion_permanente,beta2,TRUE,45926,post_2022:exposicion_10pp:Multi_f,0.025796,0.359947,0.9429,FALSE
Exposure2022_obreros_est,participacion_permanente,beta3,TRUE,45926,post_2022:Multi_f,0.919242,2.26573,0.685,FALSE
Bite2022_obreros,empleo_total,beta1,FALSE,38975,post_2022:bite_1sd,-6.750365,1.150201,4.667e-9,TRUE
Bite2022_obreros,empleo_total,beta2,FALSE,38975,post_2022:bite_1sd:Multi_f,-8.934712,9.892191,0.3665,FALSE
Bite2022_obreros,empleo_total,beta3,FALSE,38975,post_2022:Multi_f,10.195695,18.453292,0.5806,FALSE
Bite2022_obreros,empleo_total,beta1,TRUE,38972,post_2022:bite_1sd,-1.10449,1.002567,0.2707,FALSE
Bite2022_obreros,empleo_total,beta2,TRUE,38972,post_2022:bite_1sd:Multi_f,-11.975145,11.219481,0.2859,FALSE
Bite2022_obreros,empleo_total,beta3,TRUE,38972,post_2022:Multi_f,16.172122,21.427038,0.4504,FALSE
Bite2022_obreros,empleo_permanente,beta1,FALSE,38975,post_2022:bite_1sd,-2.737939,0.743349,2.327e-4,TRUE
Bite2022_obreros,empleo_permanente,beta2,FALSE,38975,post_2022:bite_1sd:Multi_f,0.153113,6.435642,0.981,FALSE
Bite2022_obreros,empleo_permanente,beta3,FALSE,38975,post_2022:Multi_f,-3.225895,12.022551,0.7885,FALSE
Bite2022_obreros,empleo_permanente,beta1,TRUE,38972,post_2022:bite_1sd,0.964986,0.802291,0.2291,FALSE
Bite2022_obreros,empleo_permanente,beta2,TRUE,38972,post_2022:bite_1sd:Multi_f,-1.290341,7.194413,0.8577,FALSE
Bite2022_obreros,empleo_permanente,beta3,TRUE,38972,post_2022:Multi_f,-2.814325,13.991007,0.8406,FALSE
Bite2022_obreros,empleo_temporal,beta1,FALSE,38975,post_2022:bite_1sd,-3.97291,0.861626,4.107e-6,TRUE
Bite2022_obreros,empleo_temporal,beta2,FALSE,38975,post_2022:bite_1sd:Multi_f,-8.40869,5.022615,0.09416,FALSE
Bite2022_obreros,empleo_temporal,beta3,FALSE,38975,post_2022:Multi_f,12.204585,9.34407,0.1916,FALSE
Bite2022_obreros,empleo_temporal,beta1,TRUE,38972,post_2022:bite_1sd,-2.038306,0.898446,0.02333,TRUE
Bite2022_obreros,empleo_temporal,beta2,TRUE,38972,post_2022:bite_1sd:Multi_f,-10.056912,5.421239,0.06364,FALSE
Bite2022_obreros,empleo_temporal,beta3,TRUE,38972,post_2022:Multi_f,17.819757,10.20175,0.08074,FALSE
Bite2022_obreros,participacion_permanente,beta1,FALSE,38931,post_2022:bite_1sd,2.616669,0.624603,2.845e-5,TRUE
Bite2022_obreros,participacion_permanente,beta2,FALSE,38931,post_2022:bite_1sd:Multi_f,0.489361,1.682376,0.7712,FALSE
Bite2022_obreros,participacion_permanente,beta3,FALSE,38931,post_2022:Multi_f,0.031751,3.346598,0.9924,FALSE
Bite2022_obreros,participacion_permanente,beta1,TRUE,38928,post_2022:bite_1sd,2.043041,0.666467,0.002185,TRUE
Bite2022_obreros,participacion_permanente,beta2,TRUE,38928,post_2022:bite_1sd:Multi_f,0.565923,1.714543,0.7414,FALSE
Bite2022_obreros,participacion_permanente,beta3,TRUE,38928,post_2022:Multi_f,-0.783684,3.486032,0.8221,FALSE
